from,to,weight
*O,*OC,2273
*O,*OC,2273
*O,*N,958
*O,*N,958
*O,*CO,301
*O,*CO,301
*O,*OC(C)=O,200
*O,*C(=O)NO,89
*OC,*Cl,3455
*OC,*Cl,3455
*OC,*O,2273
*OC,*O,2273
*OC,*OCC,788
*OC,*N(C)C,491
*OC,*N(C)C,491
*OC,*S(C)(=O)=O,332
*OC,*S(C)(=O)=O,332
*N,*O,958
*N,*O,958
*N,*NC,305
*N,*NC,305
*N,*NC(C)=O,300
*N,*NC(C)=O,300
*N,*CN,138
*N,*CN,138
*N,*NCc1ccccc1,104
*N,*NCc1ccccc1,104
*Cl,*F,4152
*Cl,*F,4152
*Cl,*OC,3455
*Cl,*OC,3455
*Cl,*Br,2208
*Cl,*C(F)(F)F,1750
*Cl,*C(F)(F)F,1750
*Cl,*C#N,1232
*Cl,*C#N,1232
*F,*Cl,4152
*F,*Cl,4152
*F,*B(O)O,60
*F,*SC(F)(F)F,23
*F,*B1OC(C)(C)C(C)(C)O1,19
*F,*C(F)(F)P(=O)(O)O,17
*CC,*C(C)C,816
*CC,*C(C)C,816
*CC,*CCC,763
*CC,*C1CC1,420
*CC,*C1CC1,420
*CC,*CCCC,383
*CC,*CCCC,383
*CC,*C=C,156
*C#N,*Cl,1232
*C#N,*Cl,1232
*C#N,*C(N)=O,339
*C#N,*C(N)=O,339
*C#N,*C=NO,24
*C(=O)O,*Cl,579
*C(=O)O,*Cl,579
*C(=O)O,*C(=O)OC,334
*C(=O)O,*CC(=O)O,201
*C(=O)O,*CC(=O)O,201
*C(=O)O,*C(=O)OCC,175
*C(=O)O,*c1nnn[nH]1,89
*Br,*Cl,2208
*Br,*Cl,2208
*Br,*CNC1CC1c1ccccc1,8
*C(F)(F)F,*Cl,1750
*C(F)(F)F,*Cl,1750
*C(F)(F)F,*C(F)F,65
*C(F)(F)F,*c1nc2cc(C(N)=O)ccc2[nH]1,14
*C(F)(F)F,*Nc1ccccc1C(N)=O,12
*C(C)C,*CC,816
*C(C)C,*CC,816
*C(C)C,*C1CCCCC1,273
*C(C)C,*C1CCCCC1,273
*C(C)C,*CC(C)C,262
*C(C)C,*C(C)CC,85
*Cc1ccccc1,*CCc1ccccc1,346
*Cc1ccccc1,*CCc1ccccc1,346
*Cc1ccccc1,*Cc1ccc(OC)cc1,158
*Cc1ccccc1,*Cc1ccc(F)cc1,148
*Cc1ccccc1,*Cc1ccc(Cl)cc1,124
*Cc1ccccc1,*CC1CCCCC1,121
*c1cccnc1,*c1ccncc1,490
*c1cccnc1,*c1ccncc1,490
*c1cccnc1,*c1ccccn1,359
*c1cccnc1,*c1ccccn1,359
*c1cccnc1,*c1cncnc1,165
*c1cccnc1,*c1cnn(C)c1,89
*c1cccnc1,*c1cnn(C)c1,89
*c1cccnc1,*c1ccc(OC)nc1,78
*c1ccncc1,*c1cccnc1,490
*c1ccncc1,*c1cccnc1,490
*c1ccncc1,*c1ccnc(C)c1,51
*c1ccncc1,*c1ccncn1,48
*c1ccncc1,*c1ccc(C(N)=O)cc1,33
*c1ccncc1,*c1ccnc(OC)c1,27
*CCC,*CC,763
*CCC,*CC,763
*CCC,*CCCCC,172
*N(C)C,*OC,491
*N(C)C,*OC,491
*N(C)C,*N(CC)CC,127
*N(C)C,*NCCOC,43
*OCC,*OC,788
*OCC,*OC,788
*C(N)=O,*C#N,339
*C(N)=O,*C#N,339
*C(N)=O,*C(=O)NC,173
*C(N)=O,*C(=O)NC,173
*C(N)=O,*C(=O)NC1CC1,44
*CO,*O,301
*CO,*O,301
*CO,*C(C)O,75
*CO,*C(C)(C)O,53
*CO,*CNC(C)=O,36
*CO,*COCc1ccccc1,22
*N1CCOCC1,*N1CCCCC1,323
*N1CCOCC1,*N1CCCCC1,323
*N1CCOCC1,*N1CCN(C)CC1,293
*N1CCOCC1,*N1CCN(C)CC1,293
*N1CCOCC1,*N1CCC(O)CC1,70
*N1CCOCC1,*N1CCN(C(C)=O)CC1,59
*N1CCOCC1,*N1CCS(=O)(=O)CC1,46
*[N+](=O)[O-],*Cl,1088
*[N+](=O)[O-],*Cl,1088
*C(C)(C)C,*Cl,382
*C(C)(C)C,*Cl,382
*C(C)(C)C,*C(C)(C)CO,19
*c1ccc(OC)cc1,*c1ccc(F)cc1,356
*c1ccc(OC)cc1,*c1ccc(F)cc1,356
*c1ccc(OC)cc1,*c1cccc(OC)c1,276
*c1ccc(OC)cc1,*c1cccc(OC)c1,276
*c1ccc(OC)cc1,*c1ccccc1OC,204
*c1ccc(OC)cc1,*c1ccc(C(F)(F)F)cc1,181
*c1ccc(OC)cc1,*c1ccc(C(F)(F)F)cc1,181
*c1ccc(OC)cc1,*c1ccc(C#N)cc1,150
*c1ccc(F)cc1,*c1ccc(Cl)cc1,401
*c1ccc(F)cc1,*c1ccc(Cl)cc1,401
*c1ccc(F)cc1,*c1ccc(OC)cc1,356
*c1ccc(F)cc1,*c1ccc(OC)cc1,356
*c1ccc(F)cc1,*c1cccc(F)c1,265
*c1ccc(F)cc1,*c1ccccc1F,230
*c1ccc(F)cc1,*c1ccc(F)c(F)c1,92
*C1CCCCC1,*C(C)C,273
*C1CCCCC1,*C(C)C,273
*C1CCCCC1,*C1CCCC1,245
*C1CCCCC1,*C1CCOCC1,112
*C1CCCCC1,*C1CCOCC1,112
*C1CCCCC1,*C12CC3CC(CC(C3)C1)C2,52
*CC(=O)O,*C(=O)O,201
*CC(=O)O,*C(=O)O,201
*CC(=O)O,*CCC(=O)O,112
*CC(=O)O,*CCC(=O)O,112
*CC(=O)O,*CC(N)=O,69
*CC(=O)O,*CC(=O)OC,41
*CC(=O)O,*C(C)C(=O)O,31
*c1ccccn1,*c1cccnc1,359
*c1ccccn1,*c1cccnc1,359
*c1ccccn1,*c1cnccn1,93
*c1ccccn1,*c1nccs1,92
*c1ccccn1,*c1ncccn1,83
*c1ccccn1,*c1cccc(C)n1,50
*C(=O)OC,*C(=O)O,334
*C(=O)OC,*C(=O)O,334
*CCCC,*CC,383
*CCCC,*CC,383
*CCCC,*CCCCCC,119
*CCCC,*CCC(C)C,60
*CCCC,*CCCCCCCC,52
*NC(C)=O,*N,300
*NC(C)=O,*N,300
*NC(C)=O,*NC(=O)CC,63
*NC(C)=O,*NC(=O)C1CC1,41
*NC(C)=O,*NC(=O)CCC,39
*NC(C)=O,*NC(=O)C(C)C,35
*NC,*N,305
*NC,*N,305
*NC,*NCC,108
*NC,*NC1CC1,40
*C(C)=O,*Cl,202
*C(C)=O,*Cl,202
*C(C)=O,*C(=O)CC,81
*C(C)=O,*C(=O)OC(C)(C)C,42
*C(C)=O,*C(=O)C(F)(F)F,18
*c1ccc(Cl)cc1,*c1ccc(F)cc1,401
*c1ccc(Cl)cc1,*c1ccc(F)cc1,401
*c1ccc(Cl)cc1,*c1ccc(C)cc1,324
*c1ccc(Cl)cc1,*c1ccc(C)cc1,324
*c1ccc(Cl)cc1,*c1cccc(Cl)c1,297
*c1ccc(Cl)cc1,*c1ccccc1Cl,239
*c1ccc(Cl)cc1,*c1ccccc1Cl,239
*c1ccc(Cl)cc1,*c1ccc(Br)cc1,164
*N1CCN(C)CC1,*N1CCOCC1,293
*N1CCN(C)CC1,*N1CCOCC1,293
*N1CCN(C)CC1,*N1CCNCC1,147
*N1CCN(C)CC1,*N1CCN(CC)CC1,69
*N1CCN(C)CC1,*N1CCN(CCO)CC1,50
*N1CCN(C)CC1,*N1CCCN(C)CC1,42
*OCc1ccccc1,*OC,281
*OCc1ccccc1,*OC,281
*OCc1ccccc1,*SCc1ccccc1,17
*CN,*N,138
*CN,*N,138
*CN,*CCN,60
*CN,*C1CCCN1,14
*CN,*C(C)N,12
*CCc1ccccc1,*Cc1ccccc1,346
*CCc1ccccc1,*Cc1ccccc1,346
*CCc1ccccc1,*CCCc1ccccc1,131
*CCc1ccccc1,*C=Cc1ccccc1,59
*CCc1ccccc1,*CCOc1ccccc1,26
*CCc1ccccc1,*C1CC1c1ccccc1,11
*N1CCCCC1,*N1CCOCC1,323
*N1CCCCC1,*N1CCOCC1,323
*N1CCCCC1,*N1CCCC1,260
*N1CCCCC1,*N1CCCC1,260
*N1CCCCC1,*N1CCC(C)CC1,61
*N1CCCCC1,*N1CCC(CO)CC1,23
*c1cccs1,*c1ccco1,227
*c1cccs1,*c1ccco1,227
*c1cccs1,*c1ccsc1,165
*c1cccs1,*c1ccc(Cl)s1,43
*C1CC1,*CC,420
*C1CC1,*CC,420
*C1CC1,*C1CCC1,168
*C1CC1,*C1CCCO1,39
*c1ccc(C)cc1,*c1ccc(Cl)cc1,324
*c1ccc(C)cc1,*c1ccc(Cl)cc1,324
*c1ccc(C)cc1,*c1cccc(C)c1,161
*c1ccc(C)cc1,*c1ccc(C)c(C)c1,25
*Oc1ccccc1,*OC,195
*Oc1ccccc1,*OC,195
*Oc1ccccc1,*Sc1ccccc1,47
*Oc1ccccc1,*Oc1ccc(F)cc1,44
*Oc1ccccc1,*Oc1ccc(Cl)cc1,42
*Oc1ccccc1,*Oc1ccc(OC)cc1,35
*c1ccc(O)cc1,*c1ccc(OC)cc1,121
*c1ccc(O)cc1,*c1ccc(OC)cc1,121
*c1ccc(O)cc1,*c1cccc(O)c1,100
*c1ccc(O)cc1,*c1ccccc1O,58
*c1ccc(O)cc1,*c1c[nH]c2ccccc12,54
*c1ccc(O)cc1,*c1ccc(O)c(O)c1,31
*Nc1ccccc1,*N,101
*Nc1ccccc1,*N,101
*Nc1ccccc1,*Nc1ccc(OC)cc1,49
*Nc1ccccc1,*Nc1ccc(F)cc1,42
*Nc1ccccc1,*Nc1ccc(C)cc1,38
*Nc1ccccc1,*Nc1ccc(Cl)cc1,36
*S(C)(=O)=O,*OC,332
*S(C)(=O)=O,*OC,332
*S(C)(=O)=O,*S(=O)(=O)CC,50
*S(C)(=O)=O,*S(=O)(=O)N(C)C,46
*S(C)(=O)=O,*CS(C)(=O)=O,18
*N1CCNCC1,*N1CCN(C)CC1,147
*N1CCNCC1,*N1CCN(C)CC1,147
*N1CCCC1,*N1CCCCC1,260
*N1CCCC1,*N1CCCCC1,260
*N1CCCC1,*N1CCC1,49
*N1CCCC1,*N1CCc2ccccc2C1,25
*c1cccc(OC)c1,*c1ccc(OC)cc1,276
*c1cccc(OC)c1,*c1ccc(OC)cc1,276
*c1cccc(OC)c1,*c1cccc(C#N)c1,88
*c1cccc(OC)c1,*c1ccccc1C#N,30
*c1cccc(OC)c1,*c1cccc(CO)c1,27
*c1cccc(O)c1,*c1ccc(O)cc1,100
*c1cccc(O)c1,*c1ccc(O)cc1,100
*CN1CCOCC1,*CN1CCCCC1,89
*CN1CCOCC1,*CN1CCN(C)CC1,85
*I,*Cl,522
*I,*Cl,522
*C(=O)OCC,*C(=O)O,175
*C(=O)OCC,*C(=O)O,175
*C(=O)OCC,*C(=O)OCc1ccccc1,30
*S(N)(=O)=O,*OC,250
*S(N)(=O)=O,*OC,250
*NCc1ccccc1,*N,104
*NCc1ccccc1,*N,104
*NCc1ccccc1,*NCCc1ccccc1,62
*NCc1ccccc1,*NC1CCCCC1,46
*NCc1ccccc1,*NCc1ccc(OC)cc1,35
*NCc1ccccc1,*N(C)Cc1ccccc1,32
*C(=O)NC,*C(N)=O,173
*C(=O)NC,*C(N)=O,173
*C(=O)NC,*C(=O)N(C)C,139
*C(=O)NC,*C(=O)NCC,67
*C(=O)NC,*C(=O)NC(C)C,44
*C(=O)NC,*C(=O)NC(C)C,44
*CN(C)C,*OC,96
*CN(C)C,*OC,96
*CN(C)C,*CNC,63
*CN(C)C,*CNCC,25
*CN(C)C,*CNCc1ccccc1,16
*CN(C)C,*CNC(C)C,15
*c1cccc(Cl)c1,*c1ccc(Cl)cc1,297
*c1cccc(Cl)c1,*c1ccc(Cl)cc1,297
*c1cccc(Cl)c1,*c1cc(Cl)cc(Cl)c1,46
*C(=O)N(C)C,*C(=O)NC,139
*C(=O)N(C)C,*C(=O)NC,139
*C(=O)N(C)C,*C(=O)N1CCOCC1,73
*C(=O)N(C)C,*C(=O)N1CCOCC1,73
*SC,*OC,294
*SC,*OC,294
*SC,*SCC,40
*C(=O)c1ccccc1,*Cc1ccccc1,110
*C(=O)c1ccccc1,*Cc1ccccc1,110
*C(=O)c1ccccc1,*S(=O)(=O)c1ccccc1,55
*C(=O)c1ccccc1,*C(=O)c1ccc(F)cc1,47
*C(=O)c1ccccc1,*C(=O)c1ccc(Cl)cc1,38
*C(=O)c1ccccc1,*C(=O)c1ccc(OC)cc1,36
*CN1CCCCC1,*CN1CCOCC1,89
*CN1CCCCC1,*CN1CCCC1,76
*C1CCCC1,*C1CCCCC1,245
*C1CCCC1,*C1CCCCC1,245
*c1ccccc1Cl,*c1ccc(Cl)cc1,239
*c1ccccc1Cl,*c1ccc(Cl)cc1,239
*c1ccccc1Cl,*c1ccccc1C,154
*c1ccccc1Cl,*c1ccccc1C(F)(F)F,54
*c1ccccc1Cl,*c1cccc(Cl)c1Cl,39
*C(=O)NO,*O,89
*C(=O)NO,*O,89
*C(=O)NO,*CC(=O)NO,43
*CCO,*CC,155
*CCO,*CC,155
*CCO,*CCCO,69
*c1cncnc1,*c1cccnc1,165
*c1cncnc1,*c1cccnc1,165
*c1ccco1,*c1cccs1,227
*c1ccco1,*c1cccs1,227
*c1ccco1,*c1ccoc1,101
*c1ccco1,*c1ccc[nH]1,31
*CCN,*CN,60
*CCN,*CN,60
*CCN,*CCCN,57
*c1ccc(C#N)cc1,*c1ccc(OC)cc1,150
*c1ccc(C#N)cc1,*c1ccc(OC)cc1,150
*CCC(=O)O,*CC(=O)O,112
*CCC(=O)O,*CC(=O)O,112
*CCC(=O)O,*CCCC(=O)O,54
*CCC(=O)O,*C=CC(=O)O,32
*c1cccc(C)c1,*c1ccc(C)cc1,161
*c1cccc(C)c1,*c1ccc(C)cc1,161
*c1cccc(F)c1,*c1ccc(F)cc1,265
*c1cccc(F)c1,*c1ccc(F)cc1,265
*c1cccc(F)c1,*c1cc(F)cc(F)c1,58
*CC(C)C,*C(C)C,262
*CC(C)C,*C(C)C,262
*OC(C)C,*OC,319
*OC(C)C,*OC,319
*NS(C)(=O)=O,*OC,159
*NS(C)(=O)=O,*OC,159
*CCCCC,*CCC,172
*CCCCC,*CCCCCCC,74
*c1ccccc1F,*c1ccc(F)cc1,230
*c1ccccc1F,*c1ccc(F)cc1,230
*c1ccccc1F,*c1c(F)cccc1F,45
*C(=O)N1CCOCC1,*C(=O)N(C)C,73
*C(=O)N1CCOCC1,*C(=O)N1CCCCC1,53
*C(=O)N1CCOCC1,*C(=O)N1CCN(C)CC1,53
*C(=O)N1CCOCC1,*C(=O)N1CCCC1,52
*C(=O)N1CCOCC1,*C(=O)N(CC)CC,35
*OC(F)(F)F,*Cl,456
*OC(F)(F)F,*Cl,456
*COC,*CC,142
*COC,*CC,142
*COC,*COCC,49
*NC1CCCCC1,*NCc1ccccc1,46
*NC1CCCCC1,*NCc1ccccc1,46
*NC1CCCCC1,*NC1CCCC1,38
*C=O,*Cl,106
*C=O,*Cl,106
*c1ccccc1OC,*c1ccc(OC)cc1,204
*c1ccccc1OC,*c1ccc(OC)cc1,204
*C(=O)Nc1ccccc1,*C(=O)NCc1ccccc1,58
*C(=O)Nc1ccccc1,*C(=O)NC1CCCCC1,38
*C(=O)Nc1ccccc1,*C(=O)Nc1ccc(F)cc1,28
*C(=O)Nc1ccccc1,*C(=O)Nc1ccc(Cl)cc1,23
*OCCCC,*OC,120
*OCCCC,*OC,120
*c1cnccn1,*c1ccccn1,93
*c1cnccn1,*c1ccccn1,93
*c1ccc2ccccc2c1,*c1cccc2ccccc12,180
*c1ccc2ccccc2c1,*c1cccc2ccccc12,180
*c1ccc2ccccc2c1,*c1ccc(-c2ccccc2)cc1,65
*c1ccc2ccccc2c1,*c1cc2ccccc2s1,43
*c1ccc2ccccc2c1,*c1cc2ccccc2s1,43
*c1ccc2ccccc2c1,*c1csc2ccccc12,34
*c1ccc2ccccc2c1,*c1ccc2ncccc2c1,26
*c1cccc2ccccc12,*c1ccc2ccccc2c1,180
*c1cccc2ccccc12,*c1ccc2ccccc2c1,180
*c1cccc2ccccc12,*c1cccc2cccnc12,31
*c1cccc2ccccc12,*c1cccc2ncccc12,20
*c1cccc(C#N)c1,*c1cccc(OC)c1,88
*c1cccc(C#N)c1,*c1cccc(OC)c1,88
*c1cccc(C#N)c1,*c1cccc(C(C)=O)c1,25
*OCCC,*OC,180
*OCCC,*OC,180
*NC(=O)c1ccccc1,*N,84
*NC(=O)c1ccccc1,*N,84
*NC(=O)c1ccccc1,*NC(=O)Cc1ccccc1,39
*NC(=O)c1ccccc1,*NC(=O)c1ccc(OC)cc1,31
*NC(=O)c1ccccc1,*NC(=O)Nc1ccccc1,28
*NC(=O)c1ccccc1,*NC(=O)c1cccnc1,26
*c1cnn(C)c1,*c1cccnc1,89
*c1cnn(C)c1,*c1cccnc1,89
*c1cnn(C)c1,*c1cn[nH]c1,72
*c1cnn(C)c1,*c1ccnn1C,37
*C(=O)NCc1ccccc1,*C(=O)Nc1ccccc1,58
*C(=O)NCc1ccccc1,*C(=O)Nc1ccccc1,58
*C(=O)NCc1ccccc1,*C(=O)NCCc1ccccc1,40
*n1ccnc1,*Cl,65
*n1ccnc1,*Cl,65
*n1ccnc1,*n1cncn1,33
*n1ccnc1,*n1ccnc1C,18
*NC(C)C,*N,69
*NC(C)C,*N,69
*NC(C)C,*NC(C)(C)C,27
*NC(C)C,*NCC1CC1,25
*c1ccc2c(c1)OCO2,*c1ccc(OC)cc1,87
*c1ccc2c(c1)OCO2,*c1ccc(OC)cc1,87
*c1ccc2c(c1)OCO2,*c1ccc2c(c1)OCCO2,62
*CN1CCCC1,*CN1CCCCC1,76
*CN1CCCC1,*CN(CC)CC,52
*CC1CCCCC1,*Cc1ccccc1,121
*CC1CCCCC1,*Cc1ccccc1,121
*C#C,*Cl,108
*C#C,*Cl,108
*c1ccc(OC)nc1,*c1cccnc1,78
*c1ccc(OC)nc1,*c1cccnc1,78
*c1ccc(OC)nc1,*c1ccc(OC(C)C)nc1,6
*C1CCNCC1,*C1CCN(C)CC1,59
*C1CCNCC1,*C1CCNC1,23
*C1CCNCC1,*C1=CCNCC1,13
*CCN(C)C,*CC,54
*CCN(C)C,*CC,54
*CCN(C)C,*CCCN(C)C,37
*CCN(C)C,*CCNC,26
*c1nccs1,*c1ccccn1,92
*c1nccs1,*c1ccccn1,92
*c1ccc(Br)cc1,*c1ccc(Cl)cc1,164
*c1ccc(Br)cc1,*c1ccc(Cl)cc1,164
*Cc1ccncc1,*Cc1ccccc1,95
*Cc1ccncc1,*Cc1ccccc1,95
*OCCOC,*OC,120
*OCCOC,*OC,120
*CCCCCC,*CCCC,119
*CCCCCC,*CCCC,119
*C1CCOCC1,*C1CCCCC1,112
*C1CCOCC1,*C1CCCCC1,112
*C1CCOCC1,*C1CCOC1,50
*C1CCOCC1,*C1CCN(C(C)=O)CC1,27
*c1ncccn1,*c1ccccn1,83
*c1ncccn1,*c1ccccn1,83
*NCC,*NC,108
*NCC,*NC,108
*c1cn[nH]c1,*c1cnn(C)c1,72
*c1cn[nH]c1,*c1cnn(C)c1,72
*c1ccoc1,*c1ccco1,101
*c1ccoc1,*c1ccco1,101
*Cn1ccnc1,*O,59
*Cn1ccnc1,*O,59
*c1ccc(C(=O)O)cc1,*c1cccc(C(=O)O)c1,63
*c1ccsc1,*c1cccs1,165
*c1ccsc1,*c1cccs1,165
*B(O)O,*F,60
*B(O)O,*F,60
*OCC(=O)O,*OC,117
*OCC(=O)O,*OC,117
*C=C,*CC,156
*C=C,*CC,156
*C(=O)N1CCCCC1,*C(=O)N1CCOCC1,53
*C(=O)N1CCCCC1,*C(=O)N1CCOCC1,53
*C=Cc1ccccc1,*CCc1ccccc1,59
*C=Cc1ccccc1,*CCc1ccccc1,59
*Cc1ccc(F)cc1,*Cc1ccccc1,148
*Cc1ccc(F)cc1,*Cc1ccccc1,148
*OCCO,*OC,101
*OCCO,*OC,101
*OCCN(C)C,*OC,77
*OCCN(C)C,*OC,77
*c1ccc(N)cc1,*c1ccc(OC)cc1,62
*c1ccc(N)cc1,*c1ccc(OC)cc1,62
*c1ccccc1C,*c1ccccc1Cl,154
*c1ccccc1C,*c1ccccc1Cl,154
*c1ccc(C(F)(F)F)cc1,*c1ccc(OC)cc1,181
*c1ccc(C(F)(F)F)cc1,*c1ccc(OC)cc1,181
*c1ccc(C(F)(F)F)cc1,*c1cccc(C(F)(F)F)c1,124
*c1ccc(C(F)(F)F)cc1,*c1ccc(OC(F)(F)F)cc1,73
*c1ccc(C(F)(F)F)cc1,*c1ccc(C(C)(C)C)cc1,49
*c1ccc(C(F)(F)F)cc1,*c1ccc(C(F)(F)F)nc1,33
*N(CC)CC,*N(C)C,127
*N(CC)CC,*N(C)C,127
*C(=O)NC1CCCCC1,*C(=O)Nc1ccccc1,38
*C(=O)NC1CCCCC1,*C(=O)Nc1ccccc1,38
*C(=O)NC1CCCCC1,*C(=O)NC1CCCC1,26
*c1nc2ccccc2s1,*c1nc2ccccc2o1,52
*c1nc2ccccc2s1,*c1nc2ccccc2[nH]1,32
*CC1CC1,*CC,117
*CC1CC1,*CC,117
*C1CCN(C)CC1,*C1CCNCC1,59
*C1CCN(C)CC1,*C1CCNCC1,59
*c1cccc(C(F)(F)F)c1,*c1ccc(C(F)(F)F)cc1,124
*c1cccc(C(F)(F)F)c1,*c1ccc(C(F)(F)F)cc1,124
*c1cccc(C(F)(F)F)c1,*c1cccc(OC(F)(F)F)c1,44
*CN(CC)CC,*CN1CCCC1,52
*c1nc2ccccc2[nH]1,*c1nc2ccccc2s1,32
*C(=O)NC(C)C,*C(=O)NC,44
*C(=O)NC(C)C,*C(=O)NC,44
*C(=O)NC(C)C,*C(=O)NCCC,31
*C(=O)NC(C)C,*C(=O)NC(C)(C)C,27
*NCCO,*N,63
*NCCO,*N,63
*NCCO,*NCCCO,29
*C(=O)NCCO,*C(=O)O,33
*C(=O)NCCO,*C(=O)O,33
*c1ccc2c(c1)OCCO2,*c1ccc2c(c1)OCO2,62
*c1cc2ccccc2s1,*c1ccc2ccccc2c1,43
*c1cc2ccccc2s1,*c1ccc2ccccc2c1,43
*c1cc2ccccc2s1,*c1cc2ccccc2o1,39
*c1cc2ccccc2s1,*c1cc2ccccc2[nH]1,19
*CCCc1ccccc1,*CCc1ccccc1,131
*CCCc1ccccc1,*CCc1ccccc1,131
*C(=O)N1CCCC1,*C(=O)N1CCOCC1,52
*C(=O)N1CCCC1,*C(=O)N1CCOCC1,52
*CN1CCN(C)CC1,*CN1CCOCC1,85
*CN1CCN(C)CC1,*CN1CCNCC1,25
*c1cccc(C(=O)O)c1,*c1ccc(C(=O)O)cc1,63
*C(=O)NCC,*C(=O)NC,67
*C(=O)NCC,*C(=O)NC,67
*OCCN1CCOCC1,*OC,68
*OCCN1CCOCC1,*OC,68
*CCN1CCOCC1,*CCN1CCCCC1,43
*c1c[nH]c2ccccc12,*c1ccc(O)cc1,54
*c1c[nH]c2ccccc12,*c1ccc(O)cc1,54
*c1cnc2ccccc2c1,*c1cccnc1,36
*c1cnc2ccccc2c1,*c1cccnc1,36
*OCCCN(C)C,*OC,51
*OCCCN(C)C,*OC,51
*Cc1cccnc1,*Cc1ccccc1,112
*Cc1cccnc1,*Cc1ccccc1,112
*c1ccccc1O,*c1ccc(O)cc1,58
*c1ccccc1O,*c1ccc(O)cc1,58
*C1CCC1,*C1CC1,168
*C1CCC1,*C1CC1,168
*C(=N)N,*OC,100
*C(=N)N,*OC,100
*c1cc2ccccc2o1,*c1cc2ccccc2s1,39
*c1cc2ccccc2o1,*c1cc2ccccc2s1,39
*Cc1ccc(OC)cc1,*Cc1ccccc1,158
*Cc1ccc(OC)cc1,*Cc1ccccc1,158
*Cc1ccccn1,*Cc1ccccc1,105
*Cc1ccccn1,*Cc1ccccc1,105
*CC#N,*CC,49
*CC#N,*CC,49
*c1ccc(Cl)c(Cl)c1,*c1ccc(Cl)cc1,121
*c1ccc(Cl)c(Cl)c1,*c1ccc(Cl)cc1,121
*c1ccc(N(C)C)cc1,*c1ccc(OC)cc1,62
*c1ccc(N(C)C)cc1,*c1ccc(OC)cc1,62
*S(=O)(=O)c1ccccc1,*C(=O)c1ccccc1,55
*S(=O)(=O)c1ccccc1,*C(=O)c1ccccc1,55
*S(=O)(=O)c1ccccc1,*S(=O)(=O)c1ccc(Cl)cc1,31
*CNC(C)=O,*CO,36
*CNC(C)=O,*CO,36
*S,*O,77
*S,*O,77
*NCCc1ccccc1,*NCc1ccccc1,62
*NCCc1ccccc1,*NCc1ccccc1,62
*OCCN1CCCC1,*OC,51
*OCCN1CCCC1,*OC,51
*CCOC,*CC,110
*CCOC,*CC,110
*CCOC,*CC1CCCO1,23
*c1ccc(OC)c(OC)c1,*c1ccc(OC)cc1,103
*c1ccc(OC)c(OC)c1,*c1ccc(OC)cc1,103
*C(C)O,*CO,75
*C(C)O,*CO,75
*c1ccc([N+](=O)[O-])cc1,*c1ccc(OC)cc1,134
*c1ccc([N+](=O)[O-])cc1,*c1ccc(OC)cc1,134
*c1cccc([N+](=O)[O-])c1,*c1ccc(Cl)cc1,74
*c1cccc([N+](=O)[O-])c1,*c1ccc(Cl)cc1,74
*C#Cc1ccccc1,*Cl,37
*C#Cc1ccccc1,*Cl,37
*C(=O)Nc1cccnc1,*O,27
*C(=O)Nc1cccnc1,*O,27
*C(=O)Nc1cccnc1,*C(=O)Nc1ccncc1,20
*OCCN1CCCCC1,*OC,38
*OCCN1CCCCC1,*OC,38
*CNC,*CN(C)C,63
*CNC,*CN(C)C,63
*c1ccc(S(N)(=O)=O)cc1,*c1ccc(F)cc1,27
*c1ccc(S(N)(=O)=O)cc1,*c1ccc(F)cc1,27
*CCN1CCCC1,*CCN1CCCCC1,50
*CCN1CCCC1,*CCN(CC)CC,25
*c1cc[nH]n1,*c1cccnc1,47
*c1cc[nH]n1,*c1cccnc1,47
*OCCCN1CCCCC1,*OC,48
*OCCCN1CCCCC1,*OC,48
*OCCCN1CCCCC1,*OCCCN1CCCC1,31
*C(=O)N(CC)CC,*C(=O)N1CCOCC1,35
*C(=O)N(CC)CC,*C(=O)N1CCOCC1,35
*c1ccc(C(C)=O)cc1,*c1ccc(OC)cc1,40
*c1ccc(C(C)=O)cc1,*c1ccc(OC)cc1,40
*c1nc2ccccc2o1,*c1nc2ccccc2s1,52
*C(=O)N1CCN(C)CC1,*C(=O)N1CCOCC1,53
*C(=O)N1CCN(C)CC1,*C(=O)N1CCOCC1,53
*n1cccn1,*Cl,44
*n1cccn1,*Cl,44
*Sc1ccccc1,*Oc1ccccc1,47
*Sc1ccccc1,*Oc1ccccc1,47
*NS(N)(=O)=O,*O,27
*NS(N)(=O)=O,*O,27
*Nc1ccc(OC)cc1,*Nc1ccccc1,49
*Nc1ccc(OC)cc1,*Nc1ccccc1,49
*Cc1ccc(Cl)cc1,*Cc1ccccc1,124
*Cc1ccc(Cl)cc1,*Cc1ccccc1,124
*CCCN,*CCN,57
*NS(=O)(=O)c1ccccc1,*O,36
*NS(=O)(=O)c1ccccc1,*O,36
*NS(=O)(=O)c1ccccc1,*NS(=O)(=O)c1ccc(C)cc1,22
*c1ccc(OCC)cc1,*c1ccc(OC)cc1,44
*c1ccc(OCC)cc1,*c1ccc(OC)cc1,44
*C=C1SC(=S)NC1=O,*O,23
*C=C1SC(=S)NC1=O,*O,23
*c1ccc2[nH]ccc2c1,*c1cccnc1,28
*c1ccc2[nH]ccc2c1,*c1cccnc1,28
*c1ccc2[nH]ccc2c1,*c1ccc2cc[nH]c2c1,21
*c1ccc2[nH]ccc2c1,*c1cccc2[nH]ccc12,18
*NCCC,*N,49
*NCCC,*N,49
*OCCN,*OC,33
*OCCN,*OC,33
*c1ccc(C(N)=O)cc1,*c1ccncc1,33
*c1ccc(C(N)=O)cc1,*c1ccncc1,33
*C(C)(C)O,*CO,53
*C(C)(C)O,*CO,53
*c1ccc(F)cc1F,*c1ccc(F)cc1,82
*c1ccc(F)cc1F,*c1ccc(F)cc1,82
*c1ccc(OC(F)(F)F)cc1,*c1ccc(C(F)(F)F)cc1,73
*c1ccc(OC(F)(F)F)cc1,*c1ccc(C(F)(F)F)cc1,73
*CCCCCCC,*CCCCC,74
*c1ccc(N)nc1,*c1cccnc1,37
*c1ccc(N)nc1,*c1cccnc1,37
*c1ccc(N)nc1,*c1cnc(N)nc1,21
*CCN1CCCCC1,*CCN1CCCC1,50
*CCN1CCCCC1,*CCN1CCOCC1,43
*C(=O)NN,*C(=O)O,21
*C(=O)NN,*C(=O)O,21
*c1ccc(Cl)s1,*c1cccs1,43
*c1ccc(Cl)s1,*c1cccs1,43
*N1CCC(O)CC1,*N1CCOCC1,70
*N1CCC(O)CC1,*N1CCOCC1,70
*c1cccc(C(C)=O)c1,*c1cccc(C#N)c1,25
*c1cccc(C)n1,*c1ccccn1,50
*c1cccc(C)n1,*c1ccccn1,50
*c1cccc(C)n1,*c1cccc(C(F)(F)F)n1,13
*c1csc(C)n1,*c1ccccn1,27
*c1csc(C)n1,*c1ccccn1,27
*C(=O)NC1CC1,*C(N)=O,44
*C(=O)NC1CC1,*C(N)=O,44
*C(=O)NC1CC1,*C(=O)NCC1CC1,21
*OCC=C,*OC,71
*OCC=C,*OC,71
*Nc1ccccn1,*N,24
*Nc1ccccn1,*N,24
*NC1CCCC1,*NC1CCCCC1,38
*NC(N)=O,*N,40
*NC(N)=O,*N,40
*CC=C,*CC,109
*CC=C,*CC,109
*c1ccc(S(C)(=O)=O)cc1,*c1ccc(OC)cc1,47
*c1ccc(S(C)(=O)=O)cc1,*c1ccc(OC)cc1,47
*OC(F)F,*OC,125
*OC(F)F,*OC,125
*NC(=O)Cc1ccccc1,*NC(=O)c1ccccc1,39
*NC(=O)Cc1ccccc1,*NC(=O)c1ccccc1,39
*C(=O)c1ccc(F)cc1,*C(=O)c1ccccc1,47
*C(=O)c1ccc(F)cc1,*C(=O)c1ccccc1,47
*C(=O)NCCC,*C(=O)NC(C)C,31
*C(=O)NCCC,*C(=O)NC(C)C,31
*C(=O)NCCC,*C(=O)NCCCC,22
*C(=O)NC(C)(C)C,*C(=O)NC(C)C,27
*C(=O)NC(C)(C)C,*C(=O)NC(C)C,27
*c1nnn[nH]1,*C(=O)O,89
*c1nnn[nH]1,*C(=O)O,89
*CCCO,*CCO,69
*c1ccnc(C)c1,*c1ccncc1,51
*c1ccnc(C)c1,*c1ccncc1,51
*N1CCC(O)C1,*N1CCOCC1,43
*N1CCC(O)C1,*N1CCOCC1,43
*c1ccc(-c2ccccc2)cc1,*c1ccc2ccccc2c1,65
*c1ccc(-c2ccccc2)cc1,*c1ccc2ccccc2c1,65
*c1ccc(-c2ccccc2)cc1,*c1cccc(-c2ccccc2)c1,28
*NC1CC1,*NC,40
*NC1CC1,*NC,40
*C=NO,*C#N,24
*C=NO,*C#N,24
*NC(=O)c1ccco1,*N,27
*NC(=O)c1ccco1,*N,27
*OCCCN1CCOCC1,*OC,36
*OCCCN1CCOCC1,*OC,36
*c1ccc(CC)cc1,*c1ccc(OC)cc1,63
*c1ccc(CC)cc1,*c1ccc(OC)cc1,63
*NC(=O)CC,*NC(C)=O,63
*NC(=O)CC,*NC(C)=O,63
*c1cccc(OC)n1,*c1ccccn1,18
*c1cccc(OC)n1,*c1ccccn1,18
*N1CCN(CCO)CC1,*N1CCN(C)CC1,50
*N1CCN(CCO)CC1,*N1CCN(C)CC1,50
*NCc1cccnc1,*NCc1ccncc1,29
*C=CC(=O)NO,*OC,59
*C=CC(=O)NO,*OC,59
*C(=O)NCCOC,*C(=O)O,24
*C(=O)NCCOC,*C(=O)O,24
*c1ccncn1,*c1ccncc1,48
*c1ccncn1,*c1ccncc1,48
*Cc1cccs1,*Cc1ccccc1,60
*Cc1cccs1,*Cc1ccccc1,60
*c1ccc(C(C)(C)C)cc1,*c1ccc(C(F)(F)F)cc1,49
*c1ccc(C(C)(C)C)cc1,*c1ccc(C(F)(F)F)cc1,49
*c1cccc(Br)c1,*c1ccc(Cl)cc1,60
*c1cccc(Br)c1,*c1ccc(Cl)cc1,60
*NC(=O)C1CCCCC1,*N,30
*NC(=O)C1CCCCC1,*N,30
*Oc1ccc(F)cc1,*Oc1ccccc1,44
*Oc1ccc(F)cc1,*Oc1ccccc1,44
*C#Cc1ccccn1,*Cl,20
*C#Cc1ccccn1,*Cl,20
*C#Cc1ccccn1,*C#Cc1cccnc1,18
*CN1CCNCC1,*CN1CCN(C)CC1,25
*NCc1ccc(OC)cc1,*NCc1ccccc1,35
*NCc1ccc(OC)cc1,*NCc1ccccc1,35
*c1ncccc1C,*c1ccccn1,36
*c1ncccc1C,*c1ccccn1,36
*c1ncccc1C,*c1ncccc1C(F)(F)F,12
*CCCC(=O)O,*CCC(=O)O,54
*CCCC(=O)O,*CCC(=O)O,54
*N1CCN(C(C)=O)CC1,*N1CCOCC1,59
*N1CCN(C(C)=O)CC1,*N1CCOCC1,59
*c1c(C)noc1C,*Cl,42
*c1c(C)noc1C,*Cl,42
*n1ccnc1C,*n1ccnc1,18
*n1ccnc1C,*n1ccnc1,18
*N1CCN(CC)CC1,*N1CCN(C)CC1,69
*N1CCN(CC)CC1,*N1CCN(C)CC1,69
*C12CC3CC(CC(C3)C1)C2,*C1CCCCC1,52
*C12CC3CC(CC(C3)C1)C2,*C1CCCCC1,52
*C(C)C(=O)O,*CC(=O)O,31
*C(C)C(=O)O,*CC(=O)O,31
*c1cc(F)cc(F)c1,*c1cccc(F)c1,58
*Cc1cccc(Cl)c1,*Cc1ccccc1,75
*Cc1cccc(Cl)c1,*Cc1ccccc1,75
*c1ccc(F)c(F)c1,*c1ccc(F)cc1,92
*c1ccc(F)c(F)c1,*c1ccc(F)cc1,92
*NC(=O)Nc1ccccc1,*NC(=O)c1ccccc1,28
*NC(=O)Nc1ccccc1,*NC(=O)c1ccccc1,28
*NC(=O)Nc1ccccc1,*NC(=O)Nc1ccc(Cl)cc1,13
*OC(C)(C)C,*OC,33
*OC(C)(C)C,*OC,33
*Cc1ccccc1Cl,*Cc1ccccc1,81
*Cc1ccccc1Cl,*Cc1ccccc1,81
*c1cccnc1OC,*c1ccncc1,23
*c1cccnc1OC,*c1ccncc1,23
*c1ccccc1C(F)(F)F,*c1ccccc1Cl,54
*c1ccccc1C(F)(F)F,*c1ccccc1Cl,54
*C(=O)NCCc1ccccc1,*C(=O)NCc1ccccc1,40
*NC(=O)c1ccncc1,*NC(=O)c1cccnc1,24
*NC(=O)c1ccncc1,*NC(=O)c1ccccn1,19
*OC1CCNCC1,*OC,24
*OC1CCNCC1,*OC,24
*CNC1CCCC1,*C(=O)O,11
*CNC1CCCC1,*C(=O)O,11
*NCCOC,*N(C)C,43
*NCCOC,*N(C)C,43
*C(=O)CC,*C(C)=O,81
*C(=O)CC,*C(C)=O,81
*c1ccnn1C,*c1cnn(C)c1,37
*c1ccnn1C,*c1cnn(C)c1,37
*C(=O)Nc1ccc(Cl)cc1,*C(=O)Nc1ccccc1,23
*C(=O)Nc1ccc(Cl)cc1,*C(=O)Nc1ccccc1,23
*OC(C)=O,*O,200
*OC(C)=O,*O,200
*c1ccc(Cl)nc1,*c1cccnc1,24
*c1ccc(Cl)nc1,*c1cccnc1,24
*CCCN(C)C,*CCN(C)C,37
*CCCN(C)C,*CCN(C)C,37
*C=C1SC(=O)NC1=O,*Cl,26
*C=C1SC(=O)NC1=O,*Cl,26
*c1ccc2ccccc2n1,*c1ccccn1,27
*c1ccc2ccccc2n1,*c1ccccn1,27
*c1cncc(OC)c1,*c1cccnc1,42
*c1cncc(OC)c1,*c1cccnc1,42
*c1ncccc1C(F)(F)F,*c1ncccc1C,12
*NS(=O)(=O)c1ccc(C)cc1,*NS(=O)(=O)c1ccccc1,22
*OCCc1ccccc1,*OC,45
*OCCc1ccccc1,*OC,45
*C(=O)NC1CCCC1,*C(=O)NC1CCCCC1,26
*c1ccc2[nH]ncc2c1,*c1ccc2cn[nH]c2c1,21
*OC1CCCC1,*OC,64
*OC1CCCC1,*OC,64
*c1cccc(CO)c1,*c1cccc(OC)c1,27
*c1cccc(CO)c1,*c1cccc(OC)c1,27
*c1cccc(CO)c1,*c1ccc(CO)cc1,26
*COc1ccccc1,*Cc1ccccc1,35
*COc1ccccc1,*Cc1ccccc1,35
*NC(=O)c1cccnc1,*NC(=O)c1ccccc1,26
*NC(=O)c1cccnc1,*NC(=O)c1ccccc1,26
*NC(=O)c1cccnc1,*NC(=O)c1ccncc1,24
*CCC(C)C,*CCCC,60
*CCC(C)C,*CCCC,60
*S(=O)(=O)CC,*S(C)(=O)=O,50
*S(=O)(=O)CC,*S(C)(=O)=O,50
*NC(=O)OC(C)(C)C,*N,44
*NC(=O)OC(C)(C)C,*N,44
*OCC1CCCO1,*OC,15
*OCC1CCCO1,*OC,15
*c1ccc(C)nc1,*c1cccnc1,39
*c1ccc(C)nc1,*c1cccnc1,39
*c1cc2ccccc2[nH]1,*c1cc2ccccc2s1,19
*c1cc2ccccc2[nH]1,*c1cc2ccccc2s1,19
*CC(=O)N(C)C,*CC(=O)NC,25
*N1CCN(c2ccccc2)CC1,*N1CCOCC1,22
*N1CCN(c2ccccc2)CC1,*N1CCOCC1,22
*C(C)(C)CO,*C(C)(C)C,19
*CCNC,*CCN(C)C,26
*CCNC,*CCN(C)C,26
*c1ccc(Cl)cc1Cl,*c1ccc(Cl)cc1,84
*c1ccc(Cl)cc1Cl,*c1ccc(Cl)cc1,84
*C(=O)OC(C)(C)C,*C(C)=O,42
*C(=O)OC(C)(C)C,*C(C)=O,42
*C1CCNC1,*C1CCNCC1,23
*C1CCNC1,*C1CCNCC1,23
*C(=O)c1cccs1,*C(=O)c1ccccc1,30
*C(=O)c1cccs1,*C(=O)c1ccccc1,30
*N1CCCN(C)CC1,*N1CCN(C)CC1,42
*N1CCCN(C)CC1,*N1CCN(C)CC1,42
*c1ccc(NC(C)=O)cc1,*c1ccc(OC)cc1,26
*c1ccc(NC(C)=O)cc1,*c1ccc(OC)cc1,26
*CCCCCCCC,*CCCC,52
*CCCCCCCC,*CCCC,52
*Cc1ccccc1OC,*Cc1ccccc1,56
*Cc1ccccc1OC,*Cc1ccccc1,56
*N1C(=O)C=CC1=O,*Cl,26
*N1C(=O)C=CC1=O,*Cl,26
*OS(N)(=O)=O,*O,49
*OS(N)(=O)=O,*O,49
*CN1C(=O)c2ccccc2C1=O,*N1C(=O)c2ccccc2C1=O,12
*C(F)(F)P(=O)(O)O,*F,17
*C(F)(F)P(=O)(O)O,*F,17
*c1ccnc(OC)c1,*c1ccncc1,27
*c1ccnc(OC)c1,*c1ccncc1,27
*c1ccnc(N)n1,*c1ccncc1,20
*c1ccnc(N)n1,*c1ccncc1,20
*c1nc2cc(C(N)=O)ccc2[nH]1,*C(F)(F)F,14
*c1nc2cc(C(N)=O)ccc2[nH]1,*C(F)(F)F,14
*c1nccn1C,*c1ccccn1,30
*c1nccn1C,*c1ccccn1,30
*NC(C)(C)C,*NC(C)C,27
*NC(C)(C)C,*NC(C)C,27
*C(=O)Nc1ccc(F)cc1,*C(=O)Nc1ccccc1,28
*C(=O)Nc1ccc(F)cc1,*C(=O)Nc1ccccc1,28
*c1cnco1,*OC,30
*c1cnco1,*OC,30
*OCc1cccnc1,*OCc1ccccn1,36
*OCc1cccnc1,*OCc1ccncc1,30
*CC(=O)NC,*CC(N)=O,26
*CC(=O)NC,*CC(=O)N(C)C,25
*Oc1cccnc1,*OC,33
*Oc1cccnc1,*OC,33
*NC(=O)c1ccccn1,*NC(=O)c1ccncc1,19
*CS,*N,27
*CS,*N,27
*OCC1CC1,*OC,64
*OCC1CC1,*OC,64
*OCC(C)C,*OC,68
*OCC(C)C,*OC,68
*NC(=O)OCC,*N,19
*NC(=O)OCC,*N,19
*OCCN(CC)CC,*OC,33
*OCCN(CC)CC,*OC,33
*c1ccc(O)c(O)c1,*c1ccc(O)cc1,31
*c1ccc(O)c(O)c1,*c1ccc(O)cc1,31
*NC(=O)C=C,*OC,51
*NC(=O)C=C,*OC,51
*N1CCC1,*N1CCCC1,49
*N1CCC1,*N1CCCC1,49
*Cc1ccc(C)cc1,*Cc1ccccc1,87
*Cc1ccc(C)cc1,*Cc1ccccc1,87
*OC1CCN(C)CC1,*OC,23
*OC1CCN(C)CC1,*OC,23
*c1ccc(CO)cc1,*c1cccc(CO)c1,26
*S(=O)(=O)N1CCOCC1,*OC,35
*S(=O)(=O)N1CCOCC1,*OC,35
*Cc1c[nH]cn1,*O,29
*Cc1c[nH]cn1,*O,29
*C(=O)Nc1ccncc1,*C(=O)Nc1cccnc1,20
*Oc1ccc(OC)cc1,*Oc1ccccc1,35
*Oc1ccc(OC)cc1,*Oc1ccccc1,35
*CF,*CC,46
*CF,*CC,46
*CNC(=O)c1ccccc1,*OC,11
*CNC(=O)c1ccccc1,*OC,11
*Nc1cccnc1,*N,20
*Nc1cccnc1,*N,20
*Nc1cccnc1,*Nc1ccncc1,17
*NCc1ccncc1,*NCc1cccnc1,29
*c1ncc[nH]1,*c1ccccn1,23
*c1ncc[nH]1,*c1ccccn1,23
*Oc1cccc(Cl)c1,*Oc1ccc(Cl)cc1,24
*NC(=O)NCC,*N,29
*NC(=O)NCC,*N,29
*c1ccc(C(=O)OC)cc1,*c1ccc(OC)cc1,29
*c1ccc(C(=O)OC)cc1,*c1ccc(OC)cc1,29
*CC(N)=O,*CC(=O)O,69
*CC(N)=O,*CC(=O)O,69
*CC(N)=O,*CC(=O)NC,26
*c1cccc(C(N)=O)c1,*c1cccnc1,30
*c1cccc(C(N)=O)c1,*c1cccnc1,30
*NC(P(=O)(O)O)P(=O)(O)O,*Cl,16
*NC(P(=O)(O)O)P(=O)(O)O,*Cl,16
*Nc1ccncc1,*Nc1cccnc1,17
*n1cccc1,*OC,29
*n1cccc1,*OC,29
*CNC1CC1c1ccccc1,*Br,8
*Cn1nc(OC)oc1=O,*O,11
*Cn1nc(OC)oc1=O,*O,11
*CS(C)(=O)=O,*S(C)(=O)=O,18
*CS(C)(=O)=O,*S(C)(=O)=O,18
*C1CCN(C(C)=O)CC1,*C1CCOCC1,27
*C1CCN(C(C)=O)CC1,*C1CCOCC1,27
*CC(=O)OC,*CC(=O)O,41
*CC(=O)OC,*CC(=O)O,41
*c1cccc(-c2ccccc2)c1,*c1ccc(-c2ccccc2)cc1,28
*c1cccc(N)c1,*c1cccnc1,40
*c1cccc(N)c1,*c1cccnc1,40
*Oc1ccc(Cl)cc1,*Oc1ccccc1,42
*Oc1ccc(Cl)cc1,*Oc1ccccc1,42
*Oc1ccc(Cl)cc1,*Oc1cccc(Cl)c1,24
*NCCN,*N,34
*NCCN,*N,34
*N1CCC(C)CC1,*N1CCCCC1,61
*N1CCC(C)CC1,*N1CCCCC1,61
*c1ccc(C(F)(F)F)cn1,*c1ccc(C(F)(F)F)cc1,21
*c1ccc(C(F)(F)F)cn1,*c1ccc(C(F)(F)F)cc1,21
*C(=O)OCc1ccccc1,*C(=O)OCC,30
*S(=O)(=O)N(C)C,*S(C)(=O)=O,46
*S(=O)(=O)N(C)C,*S(C)(=O)=O,46
*C(=O)c1ccc(OC)cc1,*C(=O)c1ccccc1,36
*C(=O)c1ccc(OC)cc1,*C(=O)c1ccccc1,36
*CC(=O)NO,*C(=O)NO,43
*CC(=O)NO,*CCC(=O)NO,36
*n1cncn1,*n1ccnc1,33
*n1cncn1,*n1ccnc1,33
*OCCF,*OC,92
*OCCF,*OC,92
*Nc1ccccc1C(N)=O,*C(F)(F)F,12
*Nc1ccccc1C(N)=O,*C(F)(F)F,12
*CCC(=O)NO,*CC(=O)NO,36
*CCC(=O)NO,*CCCCC(=O)NO,18
*c1nn[nH]n1,*C(=O)O,59
*c1nn[nH]n1,*C(=O)O,59
*OCC#C,*OC,31
*OCC#C,*OC,31
*N1CCC(CO)CC1,*N1CCCCC1,23
*N1CCC(CO)CC1,*N1CCCCC1,23
*C#Cc1cccnc1,*C#Cc1ccccn1,18
*C(=O)c1ccc(Cl)cc1,*C(=O)c1ccccc1,38
*C(=O)c1ccc(Cl)cc1,*C(=O)c1ccccc1,38
*CP(=O)(O)O,*OC,17
*CP(=O)(O)O,*OC,17
*NC(=O)C(C)C,*NC(C)=O,35
*NC(=O)C(C)C,*NC(C)=O,35
*NCC1CC1,*NC(C)C,25
*NCC1CC1,*NC(C)C,25
*N1CCC(N(C)C)C1,*N1CCN(C)CC1,30
*N1CCC(N(C)C)C1,*N1CCN(C)CC1,30
*c1ccn(C)n1,*c1cccnc1,29
*c1ccn(C)n1,*c1cccnc1,29
*C1COC(N)=N1,*O,17
*C1COC(N)=N1,*O,17
*N1CCc2ccccc2C1,*N1CCCC1,25
*N1CCc2ccccc2C1,*N1CCCC1,25
*c1ccc(N2CCOCC2)cc1,*c1ccc(OC)cc1,13
*c1ccc(N2CCOCC2)cc1,*c1ccc(OC)cc1,13
*C1=NCCN1,*Cl,24
*C1=NCCN1,*Cl,24
*NCCCO,*NCCO,29
*C(=O)C(F)(F)F,*C(C)=O,18
*C(=O)C(F)(F)F,*C(C)=O,18
*C1CCCN1,*CN,14
*C1CCCN1,*CN,14
*c1ccc2ncccc2c1,*c1ccc2ccccc2c1,26
*c1ccc2ncccc2c1,*c1ccc2ccccc2c1,26
*SC(F)(F)F,*F,23
*SC(F)(F)F,*F,23
*CCNC(C)=O,*O,17
*CCNC(C)=O,*O,17
*N(C)c1ccccc1,*Nc1ccccc1,26
*N(C)c1ccccc1,*Nc1ccccc1,26
*SCc1ccccc1,*OCc1ccccc1,17
*N1CCC(N2CCCC2)CC1,*N1CCN(C)CC1,21
*N1CCC(N2CCCC2)CC1,*N1CCN(C)CC1,21
*c1cccc(CN)c1,*c1cccnc1,11
*c1cccc(CN)c1,*c1cccnc1,11
*c1nccc(C(F)(F)F)n1,*c1ccnc(C(F)(F)F)n1,13
*Cc1cccc(OC)c1,*Cc1ccccc1,77
*Cc1cccc(OC)c1,*Cc1ccccc1,77
*C(=O)NCCCC,*C(=O)NCCC,22
*C(C)c1ccccc1,*Cc1ccccc1,53
*C(C)c1ccccc1,*Cc1ccccc1,53
*OCC(F)(F)F,*OC,62
*OCC(F)(F)F,*OC,62
*C1CC1N,*Cl,13
*C1CC1N,*Cl,13
*Nc1ccc(C)cc1,*Nc1ccccc1,38
*Nc1ccc(C)cc1,*Nc1ccccc1,38
*c1ccc[nH]1,*c1ccco1,31
*c1ccc[nH]1,*c1ccco1,31
*c1cccc(OC(F)(F)F)c1,*c1cccc(C(F)(F)F)c1,44
*c1cc(OC)cc(OC)c1,*c1ccc(OC)cc1,24
*c1cc(OC)cc(OC)c1,*c1ccc(OC)cc1,24
*CN(C)Cc1ccccc1,*OC,21
*CN(C)Cc1ccccc1,*OC,21
*CNc1ccccc1,*CN(C)c1ccccc1,12
*Cc1ccc2ccccc2c1,*Cc1ccccc1,65
*Cc1ccc2ccccc2c1,*Cc1ccccc1,65
*c1ccc2cc[nH]c2c1,*c1ccc2[nH]ccc2c1,21
*c1ccc2cc[nH]c2c1,*c1ccc2[nH]ccc2c1,21
*C1CCCO1,*C1CC1,39
*C1CCCO1,*C1CC1,39
*C=CC(=O)O,*CCC(=O)O,32
*C=CC(=O)O,*CCC(=O)O,32
*CNCCO,*CO,11
*CNCCO,*CO,11
*C(=O)c1ccc(C)cc1,*C(=O)c1ccccc1,35
*C(=O)c1ccc(C)cc1,*C(=O)c1ccccc1,35
*Cc1c(C)n[nH]c1C(=O)O,*O,15
*Cc1c(C)n[nH]c1C(=O)O,*O,15
*CNCC,*CN(C)C,25
*CNCC,*CN(C)C,25
*c1ccccc1C#N,*c1cccc(OC)c1,30
*c1ccccc1C#N,*c1cccc(OC)c1,30
*c1cc(Cl)cc(Cl)c1,*c1cccc(Cl)c1,46
*CCl,*O,18
*CCl,*O,18
*c1cnc(N)nc1,*c1ccc(N)nc1,21
*NC(=O)CCC,*NC(C)=O,39
*NC(=O)CCC,*NC(C)=O,39
*S(=O)(=O)c1ccc(Cl)cc1,*S(=O)(=O)c1ccccc1,31
*C(F)F,*C(F)(F)F,65
*C(F)F,*C(F)(F)F,65
*OCCCN1CCCC1,*OCCCN1CCCCC1,31
*c1cncs1,*c1cccnc1,40
*c1cncs1,*c1cccnc1,40
*C1CC1c1ccccc1,*CCc1ccccc1,11
*C1CC1c1ccccc1,*CCc1ccccc1,11
*c1ccc(C(C)C)cc1,*c1ccc(OC)cc1,35
*c1ccc(C(C)C)cc1,*c1ccc(OC)cc1,35
*c1c(F)cccc1F,*c1ccccc1F,45
*CC1CCCO1,*CCOC,23
*CNC(C)C,*CN(C)C,15
*CNC(C)C,*CN(C)C,15
*CC(N)C(=O)O,*O,21
*CC(N)C(=O)O,*O,21
*C1=CCNCC1,*C1CCNCC1,13
*C1=CCNCC1,*C1CCNCC1,13
*c1ccc(C(F)(F)F)nc1,*c1ccc(C(F)(F)F)cc1,33
*c1ccc(C(F)(F)F)nc1,*c1ccc(C(F)(F)F)cc1,33
*Oc1ccc(O)cc1,*Oc1ccccc1,12
*Oc1ccc(O)cc1,*Oc1ccccc1,12
*Nc1ccc(F)cc1,*Nc1ccccc1,42
*Nc1ccc(F)cc1,*Nc1ccccc1,42
*c1ccc(OC)c(F)c1,*c1ccc(OC)cc1,28
*c1ccc(OC)c(F)c1,*c1ccc(OC)cc1,28
*C(C)=NNC(N)=S,*O,20
*C(C)=NNC(N)=S,*O,20
*C(=O)c1ccco1,*C(=O)c1ccccc1,31
*C(=O)c1ccco1,*C(=O)c1ccccc1,31
*C(O)c1ccccc1,*Cc1ccccc1,22
*C(O)c1ccccc1,*Cc1ccccc1,22
*NCCCC,*N,32
*NCCCC,*N,32
*N=[N+]=N,*O,47
*N=[N+]=N,*O,47
*OCc1ccccn1,*OC,38
*OCc1ccccn1,*OC,38
*OCc1ccccn1,*OCc1cccnc1,36
*c1cc(O)cc(O)c1,*N,9
*c1cc(O)cc(O)c1,*N,9
*CCOc1ccccc1,*CCc1ccccc1,26
*CCOc1ccccc1,*CCc1ccccc1,26
*c1cccc2ncccc12,*c1cccc2ccccc12,20
*c1cccc2ncccc12,*c1cccc2ccccc12,20
*N1CCCC(O)C1,*N1CCOCC1,19
*N1CCCC(O)C1,*N1CCOCC1,19
*NC(=O)C1CC1,*NC(C)=O,41
*NC(=O)C1CC1,*NC(C)=O,41
*C(C)CC,*C(C)C,85
*C(C)CC,*C(C)C,85
*Cn1cncn1,*Cl,21
*Cn1cncn1,*Cl,21
*Oc1ccc(Cl)cc1O,*F,11
*Oc1ccc(Cl)cc1O,*F,11
*N(C)Cc1ccccc1,*NCc1ccccc1,32
*N(C)Cc1ccccc1,*NCc1ccccc1,32
*c1cnc(N)cn1,*Cl,12
*c1cnc(N)cn1,*Cl,12
*C(C)N,*CN,12
*C(C)N,*CN,12
*NCc1cccs1,*N,13
*NCc1cccs1,*N,13
*NCCN1CCOCC1,*N1CCOCC1,31
*NCCN1CCOCC1,*N1CCOCC1,31
*N1CCS(=O)(=O)CC1,*N1CCOCC1,46
*N1CCS(=O)(=O)CC1,*N1CCOCC1,46
*c1ccc(OC(C)C)nc1,*c1ccc(OC)nc1,6
*c1ccnnc1,*c1cccnc1,22
*c1ccnnc1,*c1cccnc1,22
*c1ccc(F)cn1,*c1ccccn1,37
*c1ccc(F)cn1,*c1ccccn1,37
*c1cncc2ccccc12,*c1cccnc1,25
*c1cncc2ccccc12,*c1cccnc1,25
*Nc1ccc(Cl)cc1,*Nc1ccccc1,36
*Nc1ccc(Cl)cc1,*Nc1ccccc1,36
*N1CCCC1=O,*NC(C)=O,23
*N1CCCC1=O,*NC(C)=O,23
*N1CCC2CN(C)CC21,*O,7
*N1CCC2CN(C)CC21,*O,7
*NC(=O)c1ccc(OC)cc1,*NC(=O)c1ccccc1,31
*NC(=O)c1ccc(OC)cc1,*NC(=O)c1ccccc1,31
*c1ccc(C)cn1,*c1ccccn1,32
*c1ccc(C)cn1,*c1ccccn1,32
*Oc1cccc(C)c1,*Oc1ccccc1,15
*Oc1cccc(C)c1,*Oc1ccccc1,15
*B1OC(C)(C)C(C)(C)O1,*F,19
*B1OC(C)(C)C(C)(C)O1,*F,19
*NCCN(C)C,*N1CCOCC1,34
*NCCN(C)C,*N1CCOCC1,34
*NC(=S)Nc1ccccc1,*N,12
*NC(=S)Nc1ccccc1,*N,12
*Cc1ccc(C(F)(F)F)cc1,*Cc1ccccc1,49
*Cc1ccc(C(F)(F)F)cc1,*Cc1ccccc1,49
*C1CCOC1,*C1CCOCC1,50
*C1CCOC1,*C1CCOCC1,50
*c1ccc(OC(C)C)cc1,*c1ccc(OC)cc1,18
*c1ccc(OC(C)C)cc1,*c1ccc(OC)cc1,18
*N1CCC(OC)CC1,*N1CCOCC1,33
*N1CCC(OC)CC1,*N1CCOCC1,33
*COCC,*COC,49
*Cc1ccc(Cl)c(Cl)c1,*Cc1ccccc1,45
*Cc1ccc(Cl)c(Cl)c1,*Cc1ccccc1,45
*NC(=O)Nc1ccc(Cl)cc1,*NC(=O)Nc1ccccc1,13
*Nc1nccs1,*N,11
*Nc1nccs1,*N,11
*c1cccc2cccnc12,*c1cccc2ccccc12,31
*c1cccc2cccnc12,*c1cccc2ccccc12,31
*c1ccc(C)c(C)c1,*c1ccc(C)cc1,25
*c1ccc(C)c(C)c1,*c1ccc(C)cc1,25
*c1cccc(NC(C)=O)c1,*c1cccnc1,17
*c1cccc(NC(C)=O)c1,*c1cccnc1,17
*c1nnc(C)o1,*c1nc(C)no1,18
*Cc1cccc(F)c1,*Cc1ccccc1,69
*Cc1cccc(F)c1,*Cc1ccccc1,69
*OCC1CCNCC1,*O,10
*OCC1CCNCC1,*O,10
*c1cc(C)ccn1,*c1ccccn1,30
*c1cc(C)ccn1,*c1ccccn1,30
*COCc1ccccc1,*CO,22
*COCc1ccccc1,*CO,22
*c1ccc(OC)cc1OC,*c1ccc(OC)cc1,26
*c1ccc(OC)cc1OC,*c1ccc(OC)cc1,26
*NN,*O,24
*NN,*O,24
*c1cccc(S(C)(=O)=O)c1,*c1cccnc1,20
*c1cccc(S(C)(=O)=O)c1,*c1cccnc1,20
*NC(=O)NC1CCCCC1,*N,12
*NC(=O)NC1CCCCC1,*N,12
*SCC,*SC,40
*CCCCC(=O)NO,*CCC(=O)NO,18
*NC(=O)c1cccs1,*N,29
*NC(=O)c1cccs1,*N,29
*C(=O)NCC1CC1,*C(=O)NC1CC1,21
*c1cccc2[nH]ccc12,*c1ccc2[nH]ccc2c1,18
*c1cccc2[nH]ccc12,*c1ccc2[nH]ccc2c1,18
*CCN1CCCC1C,*F,11
*CCN1CCCC1C,*F,11
*c1csc2ccccc12,*c1ccc2ccccc2c1,34
*c1csc2ccccc12,*c1ccc2ccccc2c1,34
*CNCc1ccccc1,*CN(C)C,16
*CNCc1ccccc1,*CN(C)C,16
*OCc1ccncc1,*OCc1cccnc1,30
*c1cccc(Cl)c1Cl,*c1ccccc1Cl,39
*c1cccc(Cl)c1Cl,*c1ccccc1Cl,39
*CCN(CC)CC,*CCN1CCCC1,25
*C(O)=CC(=O)C(=O)O,*O,17
*C(O)=CC(=O)C(=O)O,*O,17
*C(=O)c1ccncc1,*C(=O)c1ccccc1,27
*C(=O)c1ccncc1,*C(=O)c1ccccc1,27
*CC(F)(F)F,*CC,77
*CC(F)(F)F,*CC,77
*N=C=S,*Cl,18
*N=C=S,*Cl,18
*P(=O)(O)O,*O,26
*P(=O)(O)O,*O,26
*c1cccc(C(F)(F)F)n1,*c1cccc(C)n1,13
*C(=O)C=C(O)C(=O)O,*Cl,17
*C(=O)C=C(O)C(=O)O,*Cl,17
*c1cncc(F)c1,*c1cccnc1,33
*c1cncc(F)c1,*c1cccnc1,33
*N1CCC(N(C)C)CC1,*N1CCN(C)CC1,32
*N1CCC(N(C)C)CC1,*N1CCN(C)CC1,32
*N1CCN(c2ccccn2)CC1,*N1CCN(c2ncccn2)CC1,16
*Cl,*OC,3455
*OCC,*OC,788
*NC,*N,305
*NC(C)=O,*N,300
*C(C)O,*CO,75
*C(C)(C)O,*CO,53
*CC(=O)NO,*C(=O)NO,43
*F,*Cl,4152
*Br,*Cl,2208
*N,*O,958
*CO,*O,301
*N(CC)CC,*N(C)C,127
*NCCOC,*N(C)C,43
*S(=O)(=O)CC,*S(C)(=O)=O,50
*S(=O)(=O)N(C)C,*S(C)(=O)=O,46
*OC,*O,2273
*CO,*O,301
*NCC,*NC,108
*NC1CC1,*NC,40
*NC(=O)CC,*NC(C)=O,63
*NC(=O)C1CC1,*NC(C)=O,41
*CCN,*CN,60
*C1CCCN1,*CN,14
*NCCc1ccccc1,*NCc1ccccc1,62
*NC1CCCCC1,*NCc1ccccc1,46
*B(O)O,*F,60
*SC(F)(F)F,*F,23
*O,*OC,2273
*OCC,*OC,788
*CNC1CC1c1ccccc1,*Br,8
*C(F)F,*C(F)(F)F,65
*c1nc2cc(C(N)=O)ccc2[nH]1,*C(F)(F)F,14
*C(N)=O,*C#N,339
*C=NO,*C#N,24
*OC,*Cl,3455
*Br,*Cl,2208
*C1CCCCC1,*C(C)C,273
*CC(C)C,*C(C)C,262
*CCCCC,*CCC,172
*C1CCC1,*C1CC1,168
*C1CCCO1,*C1CC1,39
*CCCCCC,*CCCC,119
*CCC(C)C,*CCCC,60
*F,*Cl,4152
*OC,*Cl,3455
*C(=O)NC,*C(N)=O,173
*C(=O)NC1CC1,*C(N)=O,44
*F,*Cl,4152
*OC,*Cl,3455
*CCC(=O)O,*CC(=O)O,112
*CC(N)=O,*CC(=O)O,69
*C(=O)OCc1ccccc1,*C(=O)OCC,30
*F,*Cl,4152
*OC,*Cl,3455
*F,*Cl,4152
*OC,*Cl,3455
*CCC,*CC,763
*C1CC1,*CC,420
*C1CCCC1,*C1CCCCC1,245
*C1CCOCC1,*C1CCCCC1,112
*CCCc1ccccc1,*CCc1ccccc1,131
*C=Cc1ccccc1,*CCc1ccccc1,59
*c1ccnc(C)c1,*c1ccncc1,51
*c1ccncn1,*c1ccncc1,48
*c1cnccn1,*c1ccccn1,93
*c1nccs1,*c1ccccn1,92
*c1cn[nH]c1,*c1cnn(C)c1,72
*c1ccnn1C,*c1cnn(C)c1,37
*c1ccc(OC(C)C)nc1,*c1ccc(OC)nc1,6
*c1ccccn1,*c1cccnc1,359
*c1cncnc1,*c1cccnc1,165
*C(C)C,*CC,816
*C1CC1,*CC,420
*CCCCCCC,*CCCCC,74
*Cl,*OC,3455
*O,*OC,2273
*Cl,*OC,3455
*O,*OC,2273
*Cl,*C#N,1232
*C=NO,*C#N,24
*C(=O)N(C)C,*C(=O)NC,139
*C(=O)NCC,*C(=O)NC,67
*C(=O)NCC1CC1,*C(=O)NC1CC1,21
*OC,*O,2273
*N,*O,958
*N1CCCC1,*N1CCCCC1,260
*N1CCC(C)CC1,*N1CCCCC1,61
*N1CCNCC1,*N1CCN(C)CC1,147
*N1CCN(CC)CC1,*N1CCN(C)CC1,69
*F,*Cl,4152
*OC,*Cl,3455
*F,*Cl,4152
*OC,*Cl,3455
*c1ccc(Cl)cc1,*c1ccc(F)cc1,401
*c1cccc(F)c1,*c1ccc(F)cc1,265
*c1cccc(C#N)c1,*c1cccc(OC)c1,88
*c1ccccc1C#N,*c1cccc(OC)c1,30
*c1cccc(C(F)(F)F)c1,*c1ccc(C(F)(F)F)cc1,124
*c1ccc(OC(F)(F)F)cc1,*c1ccc(C(F)(F)F)cc1,73
*c1ccc(C)cc1,*c1ccc(Cl)cc1,324
*c1cccc(Cl)c1,*c1ccc(Cl)cc1,297
*c1cccc(OC)c1,*c1ccc(OC)cc1,276
*c1ccccc1OC,*c1ccc(OC)cc1,204
*c1cc(F)cc(F)c1,*c1cccc(F)c1,58
*c1c(F)cccc1F,*c1ccccc1F,45
*CC,*C(C)C,816
*CC(C)C,*C(C)C,262
*C1CCOC1,*C1CCOCC1,50
*C1CCN(C(C)=O)CC1,*C1CCOCC1,27
*Cl,*C(=O)O,579
*C(=O)OC,*C(=O)O,334
*CCCC(=O)O,*CCC(=O)O,54
*C=CC(=O)O,*CCC(=O)O,32
*CC(=O)NC,*CC(N)=O,26
*c1ccncc1,*c1cccnc1,490
*c1cncnc1,*c1cccnc1,165
*c1cccc(C(F)(F)F)n1,*c1cccc(C)n1,13
*Cl,*C(=O)O,579
*CC(=O)O,*C(=O)O,201
*C(C)C,*CC,816
*CCC,*CC,763
*O,*N,958
*NC,*N,305
*O,*N,958
*NC(C)=O,*N,300
*F,*Cl,4152
*OC,*Cl,3455
*c1ccc(OC)cc1,*c1ccc(F)cc1,356
*c1cccc(F)c1,*c1ccc(F)cc1,265
*c1cccc(C)c1,*c1ccc(C)cc1,161
*c1ccc(C)c(C)c1,*c1ccc(C)cc1,25
*c1cc(Cl)cc(Cl)c1,*c1cccc(Cl)c1,46
*c1ccccc1C,*c1ccccc1Cl,154
*c1ccccc1C(F)(F)F,*c1ccccc1Cl,54
*N1CCCCC1,*N1CCOCC1,323
*N1CCC(O)CC1,*N1CCOCC1,70
*Cl,*OC,3455
*O,*OC,2273
*O,*N,958
*NC,*N,305
*CCCN,*CCN,57
*Cc1ccc(OC)cc1,*Cc1ccccc1,158
*Cc1ccc(F)cc1,*Cc1ccccc1,148
*N1CCN(C)CC1,*N1CCOCC1,293
*N1CCC(O)CC1,*N1CCOCC1,70
*N1CCC1,*N1CCCC1,49
*N1CCc2ccccc2C1,*N1CCCC1,25
*c1ccoc1,*c1ccco1,101
*c1ccc[nH]1,*c1ccco1,31
*C(C)C,*CC,816
*CCC,*CC,763
*c1ccc(F)cc1,*c1ccc(Cl)cc1,401
*c1cccc(Cl)c1,*c1ccc(Cl)cc1,297
*Cl,*OC,3455
*O,*OC,2273
*Oc1cccc(Cl)c1,*Oc1ccc(Cl)cc1,24
*c1ccc(F)cc1,*c1ccc(OC)cc1,356
*c1cccc(OC)c1,*c1ccc(OC)cc1,276
*O,*N,958
*NC,*N,305
*Cl,*OC,3455
*O,*OC,2273
*N1CCOCC1,*N1CCN(C)CC1,293
*N1CCN(CC)CC1,*N1CCN(C)CC1,69
*N1CCOCC1,*N1CCCCC1,323
*N1CCC(C)CC1,*N1CCCCC1,61
*c1ccc(F)cc1,*c1ccc(OC)cc1,356
*c1ccccc1OC,*c1ccc(OC)cc1,204
*c1cccc(C(C)=O)c1,*c1cccc(C#N)c1,25
*c1ccc(CO)cc1,*c1cccc(CO)c1,26
*c1ccc(OC)cc1,*c1ccc(O)cc1,121
*c1ccccc1O,*c1ccc(O)cc1,58
*CN1CCCC1,*CN1CCCCC1,76
*CN1CCNCC1,*CN1CCN(C)CC1,25
*F,*Cl,4152
*OC,*Cl,3455
*Cl,*C(=O)O,579
*C(=O)OC,*C(=O)O,334
*Cl,*OC,3455
*O,*OC,2273
*O,*N,958
*NC,*N,305
*NC1CCCC1,*NC1CCCCC1,38
*C#N,*C(N)=O,339
*C(=O)NC1CC1,*C(N)=O,44
*C(=O)N1CCOCC1,*C(=O)N(C)C,73
*C(=O)NCCC,*C(=O)NC(C)C,31
*C(=O)NC(C)(C)C,*C(=O)NC(C)C,27
*Cl,*OC,3455
*O,*OC,2273
*c1ccc(F)cc1,*c1ccc(Cl)cc1,401
*c1ccc(C)cc1,*c1ccc(Cl)cc1,324
*C(N)=O,*C(=O)NC,173
*C(=O)NCC,*C(=O)NC,67
*C(=O)N1CCCCC1,*C(=O)N1CCOCC1,53
*C(=O)N1CCN(C)CC1,*C(=O)N1CCOCC1,53
*Cl,*OC,3455
*O,*OC,2273
*CCc1ccccc1,*Cc1ccccc1,346
*Cc1ccc(OC)cc1,*Cc1ccccc1,158
*S(=O)(=O)c1ccc(Cl)cc1,*S(=O)(=O)c1ccccc1,31
*CN1CCN(C)CC1,*CN1CCOCC1,85
*CN(CC)CC,*CN1CCCC1,52
*C(C)C,*C1CCCCC1,273
*C1CCOCC1,*C1CCCCC1,112
*c1ccc(F)cc1,*c1ccc(Cl)cc1,401
*c1ccc(C)cc1,*c1ccc(Cl)cc1,324
*OC,*O,2273
*N,*O,958
*CCC(=O)NO,*CC(=O)NO,36
*C(C)C,*CC,816
*CCC,*CC,763
*c1ccncc1,*c1cccnc1,490
*c1ccccn1,*c1cccnc1,359
*c1ccsc1,*c1cccs1,165
*c1ccc(Cl)s1,*c1cccs1,43
*N,*CN,138
*C1CCCN1,*CN,14
*c1ccc(F)cc1,*c1ccc(OC)cc1,356
*c1cccc(OC)c1,*c1ccc(OC)cc1,276
*C(=O)O,*CC(=O)O,201
*CC(N)=O,*CC(=O)O,69
*c1ccc(Cl)cc1,*c1ccc(C)cc1,324
*c1ccc(C)c(C)c1,*c1ccc(C)cc1,25
*c1ccc(Cl)cc1,*c1ccc(F)cc1,401
*c1ccc(OC)cc1,*c1ccc(F)cc1,356
*CC,*C(C)C,816
*C1CCCCC1,*C(C)C,273
*Cl,*OC,3455
*O,*OC,2273
*Cl,*OC,3455
*O,*OC,2273
*CC,*CCC,763
*c1ccc(Cl)cc1,*c1ccc(F)cc1,401
*c1ccc(OC)cc1,*c1ccc(F)cc1,356
*C(=O)NC,*C(=O)N(C)C,139
*F,*Cl,4152
*OC,*Cl,3455
*C(C)C,*CC,816
*CCC,*CC,763
*N,*NCc1ccccc1,104
*NCCc1ccccc1,*NCc1ccccc1,62
*F,*Cl,4152
*OC,*Cl,3455
*c1ccc(F)cc1,*c1ccc(OC)cc1,356
*c1cccc(OC)c1,*c1ccc(OC)cc1,276
*C(=O)NCCc1ccccc1,*C(=O)NCc1ccccc1,40
*C(=O)NC1CCCC1,*C(=O)NC1CCCCC1,26
*Cl,*OC,3455
*O,*OC,2273
*c1cccnc1,*c1ccccn1,359
*c1nccs1,*c1ccccn1,92
*c1cccc2cccnc12,*c1cccc2ccccc12,31
*c1cccc2ncccc12,*c1cccc2ccccc12,20
*c1cccc(-c2ccccc2)c1,*c1ccc(-c2ccccc2)cc1,28
*c1cc2ccccc2o1,*c1cc2ccccc2s1,39
*c1cc2ccccc2[nH]1,*c1cc2ccccc2s1,19
*c1ccc(-c2ccccc2)cc1,*c1ccc2ccccc2c1,65
*c1cc2ccccc2s1,*c1ccc2ccccc2c1,43
*c1ccc(OC)cc1,*c1cccc(OC)c1,276
*c1ccccc1C#N,*c1cccc(OC)c1,30
*Cl,*OC,3455
*O,*OC,2273
*O,*N,958
*NC,*N,305
*NC(=O)Nc1ccc(Cl)cc1,*NC(=O)Nc1ccccc1,13
*NC(=O)c1ccncc1,*NC(=O)c1cccnc1,24
*c1ccncc1,*c1cccnc1,490
*c1ccccn1,*c1cccnc1,359
*C(=O)NC1CCCCC1,*C(=O)Nc1ccccc1,38
*C(=O)Nc1ccc(F)cc1,*C(=O)Nc1ccccc1,28
*F,*Cl,4152
*OC,*Cl,3455
*O,*N,958
*NC,*N,305
*c1ccc(F)cc1,*c1ccc(OC)cc1,356
*c1cccc(OC)c1,*c1ccc(OC)cc1,276
*CN1CCOCC1,*CN1CCCCC1,89
*CCc1ccccc1,*Cc1ccccc1,346
*Cc1ccc(OC)cc1,*Cc1ccccc1,158
*F,*Cl,4152
*OC,*Cl,3455
*c1ccncc1,*c1cccnc1,490
*c1ccccn1,*c1cccnc1,359
*C(C)C,*CC,816
*CCC,*CC,763
*c1cccnc1,*c1ccccn1,359
*c1cnccn1,*c1ccccn1,93
*c1ccc(F)cc1,*c1ccc(Cl)cc1,401
*c1ccc(C)cc1,*c1ccc(Cl)cc1,324
*CCc1ccccc1,*Cc1ccccc1,346
*Cc1ccc(OC)cc1,*Cc1ccccc1,158
*Cl,*OC,3455
*O,*OC,2273
*CC,*CCCC,383
*CCC(C)C,*CCCC,60
*C(C)C,*C1CCCCC1,273
*C1CCCC1,*C1CCCCC1,245
*c1cccnc1,*c1ccccn1,359
*c1cnccn1,*c1ccccn1,93
*N,*NC,305
*NC1CC1,*NC,40
*c1cccnc1,*c1cnn(C)c1,89
*c1ccnn1C,*c1cnn(C)c1,37
*c1cccs1,*c1ccco1,227
*c1ccc[nH]1,*c1ccco1,31
*OC,*O,2273
*N,*O,958
*c1ccco1,*c1cccs1,227
*c1ccc(Cl)s1,*c1cccs1,43
*Cl,*F,4152
*SC(F)(F)F,*F,23
*Cl,*OC,3455
*O,*OC,2273
*C(C)C,*CC,816
*CCC,*CC,763
*C(=O)N(C)C,*C(=O)N1CCOCC1,73
*C(=O)N1CCN(C)CC1,*C(=O)N1CCOCC1,53
*Cc1ccccc1,*CCc1ccccc1,346
*CCCc1ccccc1,*CCc1ccccc1,131
*CCc1ccccc1,*Cc1ccccc1,346
*Cc1ccc(OC)cc1,*Cc1ccccc1,158
*Cl,*OC,3455
*O,*OC,2273
*Cl,*OC,3455
*O,*OC,2273
*c1ccc(F)cc1,*c1ccc(OC)cc1,356
*c1cccc(OC)c1,*c1ccc(OC)cc1,276
*c1ccc(Cl)cc1,*c1ccccc1Cl,239
*c1ccccc1C(F)(F)F,*c1ccccc1Cl,54
*c1ccc(F)cc1,*c1ccc(OC)cc1,356
*c1cccc(OC)c1,*c1ccc(OC)cc1,276
*c1cccc(OC(F)(F)F)c1,*c1cccc(C(F)(F)F)c1,44
*OC,*N(C)C,491
*NCCOC,*N(C)C,43
*C(=O)NCc1ccccc1,*C(=O)Nc1ccccc1,58
*C(=O)Nc1ccc(F)cc1,*C(=O)Nc1ccccc1,28
*C(C)C,*CC,816
*CCC,*CC,763
*C1CCNC1,*C1CCNCC1,23
*C1=CCNCC1,*C1CCNCC1,13
*c1ccc(OC)cc1,*c1ccc(C(F)(F)F)cc1,181
*c1ccc(OC(F)(F)F)cc1,*c1ccc(C(F)(F)F)cc1,73
*CN1CCCCC1,*CN1CCCC1,76
*c1nc2ccccc2o1,*c1nc2ccccc2s1,52
*C(N)=O,*C(=O)NC,173
*C(=O)N(C)C,*C(=O)NC,139
*C(=O)NCCCC,*C(=O)NCCC,22
*O,*N,958
*NC,*N,305
*Cl,*C(=O)O,579
*C(=O)OC,*C(=O)O,334
*c1ccc(OC)cc1,*c1ccc2c(c1)OCO2,87
*c1cccc2ccccc12,*c1ccc2ccccc2c1,180
*c1ccc(-c2ccccc2)cc1,*c1ccc2ccccc2c1,65
*Cc1ccccc1,*CCc1ccccc1,346
*C=Cc1ccccc1,*CCc1ccccc1,59
*C(=O)N(C)C,*C(=O)N1CCOCC1,73
*C(=O)N1CCCCC1,*C(=O)N1CCOCC1,53
*CN1CCCCC1,*CN1CCOCC1,89
*C(N)=O,*C(=O)NC,173
*C(=O)N(C)C,*C(=O)NC,139
*Cl,*OC,3455
*O,*OC,2273
*CCN1CCCC1,*CCN1CCCCC1,50
*c1ccc(OC)cc1,*c1ccc(O)cc1,121
*c1cccc(O)c1,*c1ccc(O)cc1,100
*c1ccncc1,*c1cccnc1,490
*c1ccccn1,*c1cccnc1,359
*Cl,*OC,3455
*O,*OC,2273
*CCc1ccccc1,*Cc1ccccc1,346
*Cc1ccc(OC)cc1,*Cc1ccccc1,158
*c1ccc(OC)cc1,*c1ccc(O)cc1,121
*c1cccc(O)c1,*c1ccc(O)cc1,100
*CC,*C1CC1,420
*C1CCCO1,*C1CC1,39
*Cl,*OC,3455
*O,*OC,2273
*c1ccc2ccccc2c1,*c1cc2ccccc2s1,43
*c1cc2ccccc2[nH]1,*c1cc2ccccc2s1,19
*CCc1ccccc1,*Cc1ccccc1,346
*Cc1ccc(F)cc1,*Cc1ccccc1,148
*CCc1ccccc1,*Cc1ccccc1,346
*Cc1ccc(OC)cc1,*Cc1ccccc1,158
*C(C)C,*CC,816
*CCC,*CC,763
*c1ccc(F)cc1,*c1ccc(Cl)cc1,401
*c1ccc(C)cc1,*c1ccc(Cl)cc1,324
*c1ccc(F)cc1,*c1ccc(OC)cc1,356
*c1cccc(OC)c1,*c1ccc(OC)cc1,276
*Cc1ccccc1,*C(=O)c1ccccc1,110
*C(=O)c1ccc(F)cc1,*C(=O)c1ccccc1,47
*O,*CO,301
*C(C)O,*CO,75
*OC,*O,2273
*N,*O,958
*N,*NCc1ccccc1,104
*NC1CCCCC1,*NCc1ccccc1,46
*Cl,*OC,3455
*O,*OC,2273
*C(C)C,*CC,816
*CCC,*CC,763
*c1ccc(F)cc1,*c1ccc(OC)cc1,356
*c1cccc(OC)c1,*c1ccc(OC)cc1,276
*O,*CO,301
*C(C)(C)O,*CO,53
*c1ccc(F)cc1,*c1ccc(OC)cc1,356
*c1cccc(OC)c1,*c1ccc(OC)cc1,276
*c1ccc(F)cc1,*c1ccc(Cl)cc1,401
*c1ccc(C)cc1,*c1ccc(Cl)cc1,324
*F,*Cl,4152
*OC,*Cl,3455
*OC,*O,2273
*N,*O,958
*Cl,*OC,3455
*O,*OC,2273
*OC,*CN(C)C,96
*CNCC,*CN(C)C,25
*c1ccc(Cl)cc1,*c1ccc(F)cc1,401
*c1ccc(OC)cc1,*c1ccc(F)cc1,356
*CCN1CCOCC1,*CCN1CCCCC1,43
*c1ccncc1,*c1cccnc1,490
*c1ccccn1,*c1cccnc1,359
*Cl,*OC,3455
*O,*OC,2273
*C(=O)N(C)C,*C(=O)N1CCOCC1,73
*C(=O)N1CCCCC1,*C(=O)N1CCOCC1,53
*c1ccc(F)cc1,*c1ccc(OC)cc1,356
*c1cccc(OC)c1,*c1ccc(OC)cc1,276
*c1nc2ccccc2[nH]1,*c1nc2ccccc2s1,32
*C(=O)N(C)C,*C(=O)N1CCOCC1,73
*C(=O)N1CCCCC1,*C(=O)N1CCOCC1,53
*F,*Cl,4152
*OC,*Cl,3455
*OC,*Oc1ccccc1,195
*Oc1ccc(F)cc1,*Oc1ccccc1,44
*OC,*O,2273
*N,*O,958
*N,*Nc1ccccc1,101
*Nc1ccc(F)cc1,*Nc1ccccc1,42
*CCc1ccccc1,*Cc1ccccc1,346
*Cc1ccc(OC)cc1,*Cc1ccccc1,158
*CN,*CCN,60
*OC,*O,2273
*N,*O,958
*c1ccc(F)cc1,*c1ccc(OC)cc1,356
*c1cccc(OC)c1,*c1ccc(OC)cc1,276
*OC,*O,2273
*N,*O,958
*c1ccncc1,*c1cccnc1,490
*c1ccccn1,*c1cccnc1,359
*O,*N,958
*NC,*N,305
*Cl,*OC,3455
*O,*OC,2273
*c1cccnc1,*c1ccncc1,490
*c1ccnc(C)c1,*c1ccncc1,51
*O,*CO,301
*C(C)O,*CO,75
*c1ccc(Cl)cc1,*c1ccc(F)cc1,401
*c1ccc(OC)cc1,*c1ccc(F)cc1,356
*c1ccc(OC)cc1,*c1ccc(C(F)(F)F)cc1,181
*c1cccc(C(F)(F)F)c1,*c1ccc(C(F)(F)F)cc1,124
*CCC,*CCCCC,172
*c1ccncc1,*c1cccnc1,490
*c1ccccn1,*c1cccnc1,359
*CCN(CC)CC,*CCN1CCCC1,25
*Cl,*C(=O)O,579
*C(=O)OC,*C(=O)O,334
*c1ccco1,*c1cccs1,227
*c1ccsc1,*c1cccs1,165
*N1CCCCC1,*N1CCOCC1,323
*N1CCN(C)CC1,*N1CCOCC1,293
*c1cccc(OC)c1,*c1cccc(C#N)c1,88
*c1cccnc1,*c1ccccn1,359
*c1cnccn1,*c1ccccn1,93
*c1cccnc1,*c1ccccn1,359
*c1cnccn1,*c1ccccn1,93
*C#N,*C(N)=O,339
*C(=O)NC,*C(N)=O,173
*Cl,*OC,3455
*O,*OC,2273
*O,*N,958
*NC,*N,305
*NCc1ccccc1,*NC1CCCCC1,46
*O,*N,958
*NC,*N,305
*C(C)C,*CC,816
*CCC,*CC,763
*c1ccc(F)cc1,*c1ccc(OC)cc1,356
*c1cccc(OC)c1,*c1ccc(OC)cc1,276
*Cl,*OC,3455
*O,*OC,2273
*N,*NC(=O)c1ccccc1,84
*NC(=O)c1ccc(OC)cc1,*NC(=O)c1ccccc1,31
*Cc1ccccc1,*C(=O)c1ccccc1,110
*S(=O)(=O)c1ccccc1,*C(=O)c1ccccc1,55
*C(=O)NC,*C(=O)NC(C)C,44
*C(=O)NC(C)(C)C,*C(=O)NC(C)C,27
*C(=O)NC,*C(=O)NC(C)C,44
*C(=O)NCCC,*C(=O)NC(C)C,31
*Cl,*C(=O)O,579
*C(=O)OC,*C(=O)O,334
*CC,*CCO,155
*c1cccnc1,*c1ccncc1,490
*c1ccncn1,*c1ccncc1,48
*N1CCCCC1,*N1CCOCC1,323
*N1CCN(C)CC1,*N1CCOCC1,293
*c1cccc2ccccc12,*c1ccc2ccccc2c1,180
*c1cc2ccccc2s1,*c1ccc2ccccc2c1,43
*N,*NC,305
*NCC,*NC,108
*Cl,*C#N,1232
*C(N)=O,*C#N,339
*O,*N,958
*NC,*N,305
*Cl,*OC,3455
*O,*OC,2273
*c1ccc(F)cc1,*c1ccc(OC)cc1,356
*c1cccc(OC)c1,*c1ccc(OC)cc1,276
*N,*NC(C)=O,300
*NC(=O)C1CC1,*NC(C)=O,41
*c1cccnc1,*c1ccccn1,359
*c1cnccn1,*c1ccccn1,93
*N1CCOCC1,*N1CCN(C)CC1,293
*N1CCNCC1,*N1CCN(C)CC1,147
*Cl,*OC,3455
*O,*OC,2273
*Cl,*C(=O)O,579
*C(=O)OC,*C(=O)O,334
*c1cccnc1,*c1ccncc1,490
*c1ccnc(C)c1,*c1ccncc1,51
*CCc1ccccc1,*Cc1ccccc1,346
*Cc1ccc(OC)cc1,*Cc1ccccc1,158
*c1ccc(OC)cc1,*c1ccc(C(F)(F)F)cc1,181
*c1cccc(C(F)(F)F)c1,*c1ccc(C(F)(F)F)cc1,124
*c1ccc(F)cc1,*c1ccc(Cl)cc1,401
*c1ccc(C)cc1,*c1ccc(Cl)cc1,324
*O,*N,958
*NC,*N,305
*OC,*Oc1ccccc1,195
*Sc1ccccc1,*Oc1ccccc1,47
*F,*Cl,4152
*OC,*Cl,3455
*CN1CCOCC1,*CN1CCN(C)CC1,85
*N,*NCc1ccccc1,104
*NCCc1ccccc1,*NCc1ccccc1,62
*c1cccnc1,*c1ccccn1,359
*c1cnccn1,*c1ccccn1,93
*CC(=O)O,*CCC(=O)O,112
*C=CC(=O)O,*CCC(=O)O,32
*N1CCCCC1,*N1CCOCC1,323
*N1CCN(C)CC1,*N1CCOCC1,293
*F,*Cl,4152
*OC,*Cl,3455
*Cl,*n1ccnc1,65
*n1cncn1,*n1ccnc1,33
*N1CCOCC1,*N1CCN(C)CC1,293
*N1CCNCC1,*N1CCN(C)CC1,147
*C(C)C,*C1CCCCC1,273
*C1CCCC1,*C1CCCCC1,245
*C(=O)O,*CC(=O)O,201
*CCC(=O)O,*CC(=O)O,112
*c1ccc(F)cc1,*c1cccc(F)c1,265
*CCc1ccccc1,*Cc1ccccc1,346
*Cc1ccc(OC)cc1,*Cc1ccccc1,158
*c1ccc(Cl)cc1,*c1ccc(F)cc1,401
*c1ccc(OC)cc1,*c1ccc(F)cc1,356
*N,*NC(=O)c1ccccc1,84
*NC(=O)Cc1ccccc1,*NC(=O)c1ccccc1,39
*Cl,*OC,3455
*O,*OC,2273
*CCc1ccccc1,*Cc1ccccc1,346
*Cc1ccc(OC)cc1,*Cc1ccccc1,158
*c1cccnc1,*c1ccncc1,490
*c1ccnc(C)c1,*c1ccncc1,51
*c1ccc(Cl)cc1,*c1ccccc1Cl,239
*c1ccccc1C,*c1ccccc1Cl,154
*C(=O)Nc1ccccc1,*C(=O)NCc1ccccc1,58
*NC(=O)c1ccccc1,*NC(=O)c1cccnc1,26
*Cl,*OC,3455
*O,*OC,2273
*Cl,*C(=O)O,579
*C(=O)OC,*C(=O)O,334
*OC,*N(C)C,491
*N(CC)CC,*N(C)C,127
*Cl,*C(C)=O,202
*C(=O)OC(C)(C)C,*C(C)=O,42
*c1cccnc1,*c1cnn(C)c1,89
*c1cn[nH]c1,*c1cnn(C)c1,72
*C(=O)NCc1ccccc1,*C(=O)Nc1ccccc1,58
*C(=O)NC1CCCCC1,*C(=O)Nc1ccccc1,38
*OC,*O,2273
*N,*O,958
*c1ccncc1,*c1cccnc1,490
*c1ccccn1,*c1cccnc1,359
*CC,*CCN(C)C,54
*CCNC,*CCN(C)C,26
*F,*Cl,4152
*OC,*Cl,3455
*c1cccnc1,*c1ccccn1,359
*c1cnccn1,*c1ccccn1,93
*c1ccncc1,*c1cccnc1,490
*c1ccccn1,*c1cccnc1,359
*c1ccccn1,*c1ncccc1C,36
*O,*NS(=O)(=O)c1ccccc1,36
*Cl,*OC,3455
*O,*OC,2273
*C(=O)Nc1ccccc1,*C(=O)NC1CCCCC1,38
*Cl,*OC,3455
*O,*OC,2273
*c1ccc(OC)cc1,*c1cccc(OC)c1,276
*c1cccc(C#N)c1,*c1cccc(OC)c1,88
*CCc1ccccc1,*Cc1ccccc1,346
*Cc1ccc(OC)cc1,*Cc1ccccc1,158
*N,*NC(=O)c1ccccc1,84
*NC(=O)Cc1ccccc1,*NC(=O)c1ccccc1,39
*NC(=O)c1ccccn1,*NC(=O)c1ccncc1,19
*CC,*CCCC,383
*CCCCCC,*CCCC,119
*OC,*S(C)(=O)=O,332
*S(=O)(=O)N(C)C,*S(C)(=O)=O,46
*O,*N,958
*NC,*N,305
*Cl,*OC,3455
*O,*OC,2273
*c1ccncc1,*c1cccnc1,490
*c1ccccn1,*c1cccnc1,359
*c1ccc2ccccc2c1,*c1cc2ccccc2s1,43
*c1cc2ccccc2o1,*c1cc2ccccc2s1,39
*CC(N)=O,*CC(=O)NC,26
*N1CCCCC1,*N1CCOCC1,323
*N1CCN(C)CC1,*N1CCOCC1,293
*Cl,*C(C)(C)C,382
*CC,*CCN(C)C,54
*CCCN(C)C,*CCN(C)C,37
*c1ccc(F)cc1,*c1ccc(Cl)cc1,401
*c1ccc(C)cc1,*c1ccc(Cl)cc1,324
*Cl,*C(C)=O,202
*C(=O)CC,*C(C)=O,81
*C1CCN(C)CC1,*C1CCNCC1,59
*C1=CCNCC1,*C1CCNCC1,13
*Cc1ccccc1,*C(=O)c1ccccc1,110
*S(=O)(=O)c1ccccc1,*C(=O)c1ccccc1,55
*N1CCOCC1,*N1CCN(C)CC1,293
*N1CCNCC1,*N1CCN(C)CC1,147
*c1ccc(F)cc1,*c1ccc(OC)cc1,356
*c1cccc(OC)c1,*c1ccc(OC)cc1,276
*CC,*CCCC,383
*CCCCCC,*CCCC,119
*CCc1ccccc1,*Cc1ccccc1,346
*Cc1ccc(OC)cc1,*Cc1ccccc1,158
*F,*Cl,4152
*OC,*Cl,3455
*OC,*O,2273
*N,*O,958
*O,*N1C(=O)c2ccccc2C1=O,13
*Cl,*F,4152
*B(O)O,*F,60
*c1cccnc1,*c1ccncc1,490
*c1ccnc(C)c1,*c1ccncc1,51
*c1cccnc1,*c1ccncc1,490
*c1ccnc(C)c1,*c1ccncc1,51
*Cl,*C(F)(F)F,1750
*C(F)F,*C(F)(F)F,65
*c1cccnc1,*c1ccccn1,359
*c1cnccn1,*c1ccccn1,93
*N,*NC(C)C,69
*NCC1CC1,*NC(C)C,25
*C(=O)NCc1ccccc1,*C(=O)Nc1ccccc1,58
*C(=O)NC1CCCCC1,*C(=O)Nc1ccccc1,38
*Cl,*OC,3455
*O,*OC,2273
*OC,*OCc1ccccn1,38
*CC(=O)O,*CC(N)=O,69
*Cl,*OC,3455
*O,*OC,2273
*NC(=O)c1cccnc1,*NC(=O)c1ccncc1,24
*O,*N,958
*NC,*N,305
*Cl,*OC,3455
*O,*OC,2273
*Cl,*OC,3455
*O,*OC,2273
*O,*N,958
*NC,*N,305
*Cl,*OC,3455
*O,*OC,2273
*c1ccc(OC)cc1,*c1ccc(O)cc1,121
*c1cccc(O)c1,*c1ccc(O)cc1,100
*Cl,*OC,3455
*O,*OC,2273
*N1CCCCC1,*N1CCCC1,260
*N1CCc2ccccc2C1,*N1CCCC1,25
*CCc1ccccc1,*Cc1ccccc1,346
*Cc1ccc(OC)cc1,*Cc1ccccc1,158
*Cl,*OC,3455
*O,*OC,2273
*c1cccc(OC)c1,*c1cccc(CO)c1,27
*Cl,*OC,3455
*O,*OC,2273
*OC,*O,2273
*N,*O,958
*O,*C(=O)Nc1cccnc1,27
*OC,*Oc1ccccc1,195
*Sc1ccccc1,*Oc1ccccc1,47
*C(C)C,*CC,816
*CCC,*CC,763
*Cl,*OC,3455
*O,*OC,2273
*O,*N,958
*NC,*N,305
*c1cccnc1,*c1ccccn1,359
*c1cnccn1,*c1ccccn1,93
*Oc1ccccc1,*Oc1ccc(Cl)cc1,42
*O,*N,958
*NC,*N,305
*c1ccc(F)cc1,*c1ccc(OC)cc1,356
*c1cccc(OC)c1,*c1ccc(OC)cc1,276
*C(=O)O,*CC(=O)O,201
*CCC(=O)O,*CC(=O)O,112
*CC(=O)N(C)C,*CC(=O)NC,25
*c1ccncc1,*c1cccnc1,490
*c1ccccn1,*c1cccnc1,359
*F,*Cl,4152
*OC,*Cl,3455
*N,*Nc1cccnc1,20
*Cl,*OC,3455
*O,*OC,2273
*Cl,*Br,2208
*OC,*O,2273
*N,*O,958
*OC,*S(C)(=O)=O,332
*S(=O)(=O)CC,*S(C)(=O)=O,50
*C1CCCCC1,*C1CCOCC1,112
*C1CCOC1,*C1CCOCC1,50
*C(=O)O,*CC(=O)O,201
*CCC(=O)O,*CC(=O)O,112
*c1ccc2ccccc2c1,*c1ccc(-c2ccccc2)cc1,65
*c1ccncc1,*c1cccnc1,490
*c1ccccn1,*c1cccnc1,359
*OC,*Oc1ccccc1,195
*Sc1ccccc1,*Oc1ccccc1,47
*O,*N,958
*NC,*N,305
*N1CCOCC1,*N1CCCCC1,323
*N1CCCC1,*N1CCCCC1,260
*c1ccc(OC)cc1,*c1ccc(C(F)(F)F)cc1,181
*c1cccc(C(F)(F)F)c1,*c1ccc(C(F)(F)F)cc1,124
*C(=O)O,*C(=O)OCC,175
*OC,*S(C)(=O)=O,332
*S(=O)(=O)CC,*S(C)(=O)=O,50
*Cc1ccccc1,*C(=O)c1ccccc1,110
*S(=O)(=O)c1ccccc1,*C(=O)c1ccccc1,55
*O,*C(=O)NO,89
*CCCCC(=O)NO,*CCC(=O)NO,18
*Cl,*n1ccnc1,65
*n1ccnc1C,*n1ccnc1,18
*Cl,*OC,3455
*O,*OC,2273
*Cl,*C(F)(F)F,1750
*C(F)F,*C(F)(F)F,65
*C(=O)NO,*CC(=O)NO,43
*Cl,*C(=O)O,579
*C(=O)OC,*C(=O)O,334
*Cl,*OC,3455
*O,*OC,2273
*N1CCOCC1,*N1CCCCC1,323
*N1CCCC1,*N1CCCCC1,260
*Cl,*C#Cc1ccccn1,20
*Cc1ccccc1,*C(=O)c1ccccc1,110
*S(=O)(=O)c1ccccc1,*C(=O)c1ccccc1,55
*Cl,*OC,3455
*O,*OC,2273
*N,*NC(C)=O,300
*NC(=O)CC,*NC(C)=O,63
*N,*NC(C)C,69
*NC(C)(C)C,*NC(C)C,27
*N1CCOCC1,*N1CCN(C)CC1,293
*N1CCNCC1,*N1CCN(C)CC1,147
*c1ccncc1,*c1cccnc1,490
*c1ccccn1,*c1cccnc1,359
*OC,*O,2273
*N,*O,958
*N1CCCCC1,*N1CCCC1,260
*N1CCC1,*N1CCCC1,49
*c1ccc(F)cc1,*c1ccc(OC)cc1,356
*c1cccc(OC)c1,*c1ccc(OC)cc1,276
*F,*Cl,4152
*OC,*Cl,3455
*N,*NCCO,63
*Cl,*C(C)=O,202
*C(=O)CC,*C(C)=O,81
*N,*CN,138
*CCN,*CN,60
*c1cccc2ccccc12,*c1ccc2ccccc2c1,180
*c1ccc(-c2ccccc2)cc1,*c1ccc2ccccc2c1,65
*Cl,*F,4152
*B(O)O,*F,60
*OC,*O,2273
*N,*O,958
*N,*Nc1ccccc1,101
*Nc1ccc(OC)cc1,*Nc1ccccc1,49
*OC,*OCc1ccccc1,281
*N1CCOCC1,*N1CCN(C)CC1,293
*N1CCNCC1,*N1CCN(C)CC1,147
*c1ccncc1,*c1cccnc1,490
*c1ccccn1,*c1cccnc1,359
*CCc1ccccc1,*Cc1ccccc1,346
*Cc1ccc(OC)cc1,*Cc1ccccc1,158
*C(=O)NC(C)C,*C(=O)NCCC,31
*CCc1ccccc1,*Cc1ccccc1,346
*Cc1ccc(OC)cc1,*Cc1ccccc1,158
*Cl,*OC,3455
*O,*OC,2273
*F,*Cl,4152
*OC,*Cl,3455
*N,*Nc1ccccc1,101
*Nc1ccc(OC)cc1,*Nc1ccccc1,49
*c1cccs1,*c1ccco1,227
*c1ccoc1,*c1ccco1,101
*c1ccc(C(F)(F)F)cc1,*c1cccc(C(F)(F)F)c1,124
*c1ccc(F)cc1,*c1ccc(OC)cc1,356
*c1cccc(OC)c1,*c1ccc(OC)cc1,276
*Cl,*OC,3455
*O,*OC,2273
*CCc1ccccc1,*Cc1ccccc1,346
*Cc1ccc(OC)cc1,*Cc1ccccc1,158
*c1cccnc1,*c1ccc2[nH]ccc2c1,28
*c1cccc2[nH]ccc12,*c1ccc2[nH]ccc2c1,18
*CC,*C1CC1,420
*C1CCC1,*C1CC1,168
*CC(=O)O,*CCC(=O)O,112
*CCCC(=O)O,*CCC(=O)O,54
*O,*CO,301
*C(C)O,*CO,75
*Cc1ccccc1,*C(=O)c1ccccc1,110
*S(=O)(=O)c1ccccc1,*C(=O)c1ccccc1,55
*OC,*O,2273
*N,*O,958
*OC,*CN(C)C,96
*CNC,*CN(C)C,63
*c1ccc(OC)cc1,*c1cccc(OC)c1,276
*c1cccc(C#N)c1,*c1cccc(OC)c1,88
*c1ccc(Cl)cc1,*c1cccc(Cl)c1,297
*OC,*O,2273
*N,*O,958
*c1cccnc1,*c1ccc(N)nc1,37
*N,*NC(C)=O,300
*NC(=O)CC,*NC(C)=O,63
*C(=O)c1ccccc1,*S(=O)(=O)c1ccccc1,55
*Cl,*C(F)(F)F,1750
*c1nc2cc(C(N)=O)ccc2[nH]1,*C(F)(F)F,14
*OC,*OCCCN1CCCCC1,48
*c1ccncc1,*c1cccnc1,490
*c1ccccn1,*c1cccnc1,359
*Cc1ccccc1,*CCc1ccccc1,346
*CCCc1ccccc1,*CCc1ccccc1,131
*c1ccc(F)cc1,*c1ccc(OC)cc1,356
*c1cccc(OC)c1,*c1ccc(OC)cc1,276
*c1ccc(F)cc1,*c1ccccc1F,230
*CC,*CCOC,110
*OC,*CN(C)C,96
*CNC,*CN(C)C,63
*OC,*O,2273
*N,*O,958
*C1CCN(C)CC1,*C1CCNCC1,59
*C1CCNC1,*C1CCNCC1,23
*c1ccc(OC)cc1,*c1ccc(C(F)(F)F)cc1,181
*c1cccc(C(F)(F)F)c1,*c1ccc(C(F)(F)F)cc1,124
*OC,*Oc1ccccc1,195
*Sc1ccccc1,*Oc1ccccc1,47
*N,*Nc1ccccc1,101
*Nc1ccc(OC)cc1,*Nc1ccccc1,49
*c1ccc(F)cc1,*c1ccc(OC)cc1,356
*c1cccc(OC)c1,*c1ccc(OC)cc1,276
*OC,*O,2273
*N,*O,958
*Cc1ccccc1,*C(=O)c1ccccc1,110
*S(=O)(=O)c1ccccc1,*C(=O)c1ccccc1,55
*CCc1ccccc1,*Cc1ccccc1,346
*Cc1ccc(OC)cc1,*Cc1ccccc1,158
*O,*N,958
*NC,*N,305
*OC,*O,2273
*N,*O,958
*Cl,*OC,3455
*O,*OC,2273
*OCc1ccncc1,*OCc1cccnc1,30
*O,*N,958
*NC,*N,305
*Cc1ccccc1,*CCc1ccccc1,346
*CCCc1ccccc1,*CCc1ccccc1,131
*c1ccc2ccccc2c1,*c1cccc2ccccc12,180
*c1cccc2cccnc12,*c1cccc2ccccc12,31
*N1CCCCC1,*N1CCOCC1,323
*N1CCN(C)CC1,*N1CCOCC1,293
*N,*NC(C)=O,300
*NC(=O)CC,*NC(C)=O,63
*CC,*C(C)C,816
*C1CCCCC1,*C(C)C,273
*F,*Cl,4152
*OC,*Cl,3455
*Cl,*F,4152
*B(O)O,*F,60
*N,*NCc1ccccc1,104
*NCCc1ccccc1,*NCc1ccccc1,62
*F,*Cl,4152
*OC,*Cl,3455
*N,*CN,138
*CCN,*CN,60
*O,*N,958
*NC,*N,305
*N1CCCCC1,*N1CCOCC1,323
*N1CCN(C)CC1,*N1CCOCC1,293
*N1CCCCC1,*N1CCOCC1,323
*N1CCN(C)CC1,*N1CCOCC1,293
*c1cccnc1,*c1ccc(OC)nc1,78
*c1ccncc1,*c1cccnc1,490
*c1ccccn1,*c1cccnc1,359
*c1cccnc1,*c1ccccn1,359
*c1cnccn1,*c1ccccn1,93
*c1ccncc1,*c1cccnc1,490
*c1ccccn1,*c1cccnc1,359
*N,*Nc1ccccc1,101
*Nc1ccc(OC)cc1,*Nc1ccccc1,49
*N,*NC(C)=O,300
*NC(=O)CC,*NC(C)=O,63
*OC,*O,2273
*N,*O,958
*N,*NC(=O)c1ccccc1,84
*NC(=O)Cc1ccccc1,*NC(=O)c1ccccc1,39
*c1cccnc1,*c1ccccn1,359
*c1cnccn1,*c1ccccn1,93
*OC,*Oc1ccccc1,195
*Sc1ccccc1,*Oc1ccccc1,47
*Cl,*F,4152
*B(O)O,*F,60
*N1CCCCC1,*N1CCOCC1,323
*N1CCN(C)CC1,*N1CCOCC1,293
*O,*N,958
*NC,*N,305
*CCc1ccccc1,*Cc1ccccc1,346
*Cc1ccc(OC)cc1,*Cc1ccccc1,158
*C1CCCCC1,*C1CCOCC1,112
*C1CCN(C(C)=O)CC1,*C1CCOCC1,27
*c1ccc(F)cc1,*c1ccc(OC)cc1,356
*c1cccc(OC)c1,*c1ccc(OC)cc1,276
*N1CCCCC1,*N1CCOCC1,323
*N1CCN(C)CC1,*N1CCOCC1,293
*CC,*COC,142
*CCc1ccccc1,*Cc1ccccc1,346
*Cc1ccc(OC)cc1,*Cc1ccccc1,158
*NC(=O)c1ccccc1,*NC(=O)Nc1ccccc1,28
*O,*N,958
*NC,*N,305
*c1ccc2ccccc2c1,*c1cccc2ccccc12,180
*c1cccc2ncccc12,*c1cccc2ccccc12,20
*c1ccc(Cl)cc1,*c1ccc(C)cc1,324
*c1cccc(C)c1,*c1ccc(C)cc1,161
*c1ccncc1,*c1cccnc1,490
*c1ccccn1,*c1cccnc1,359
*c1noc(C)n1,*c1nc(C)no1,20
*CCc1ccccc1,*Cc1ccccc1,346
*Cc1ccc(OC)cc1,*Cc1ccccc1,158
*OC,*O,2273
*N,*O,958
*c1cccnc1,*c1ccccn1,359
*c1cnccn1,*c1ccccn1,93
*O,*CO,301
*C(C)O,*CO,75
*c1ccc(F)cc1,*c1ccc(OC)cc1,356
*c1cccc(OC)c1,*c1ccc(OC)cc1,276
*OC,*O,2273
*N,*O,958
*c1ccncc1,*c1cccnc1,490
*c1ccccn1,*c1cccnc1,359
*O,*N,958
*NC,*N,305
*OC,*SC,294
*CC(=O)NO,*CCC(=O)NO,36
*O,*N,958
*NC,*N,305
*C(N)=O,*C(=O)NC1CC1,44
*c1cccnc1,*c1ccc2[nH]ccc2c1,28
*c1ccc2cc[nH]c2c1,*c1ccc2[nH]ccc2c1,21
*Cl,*F,4152
*B(O)O,*F,60
*c1cccc2ccccc12,*c1ccc2ccccc2c1,180
*c1ccc(-c2ccccc2)cc1,*c1ccc2ccccc2c1,65
*OC,*CN(C)C,96
*CNC,*CN(C)C,63
*OCc1ccccn1,*OCc1cccnc1,36
*c1ccc(Cl)cc1,*c1ccccc1Cl,239
*c1ccccc1C,*c1ccccc1Cl,154
*CCN1CCCCC1,*CCN1CCCC1,50
*OC,*O,2273
*N,*O,958
*Cc1ccccc1,*C(=O)c1ccccc1,110
*S(=O)(=O)c1ccccc1,*C(=O)c1ccccc1,55
*C(C)C,*CC,816
*CCC,*CC,763
*F,*Cl,4152
*OC,*Cl,3455
*OC,*O,2273
*N,*O,958
*c1ccccn1,*c1cccc(C)n1,50
*F,*Cl,4152
*OC,*Cl,3455
*c1ccncc1,*c1cccnc1,490
*c1ccccn1,*c1cccnc1,359
*N1CCOCC1,*N1CCN(C)CC1,293
*N1CCNCC1,*N1CCN(C)CC1,147
